,round,split,replicates,duplicates,distortion,m1,m2,m3
0,-1,,,8,1,1.0,0.7458034,0.8543956
1,-1,,,100,1,0.9975,0.8028169,0.8896321
2,-1,,,0.1,0,0.9677419,0.952381,0.96
3,-1,,,1,0,1.0,0.9191919,0.9578947
4,-1,,,0.1,1,1.0,0.7666667,0.8679245
5,-1,,,1,1,0.9920424,0.7679671,0.8657407
6,-1,,,8,0,1.0,0.9408946,0.9695473
7,-1,,,100,0,1.0,0.921762,0.9592884
8,-1,,_2,100,1,0.997543,0.8169014,0.8982301
9,-1,,_2,0.1,1,1.0,0.7,0.8235294
10,-1,,_2,8,0,1.0,0.9353035,0.9665704
11,-1,,_2,100,0,1.0,0.921762,0.9592884
12,-1,,_2,8,1,1.0,0.7386091,0.8496552
13,-1,,_2,1,0,1.0,0.9232323,0.960084
14,-1,,_2,1,1,0.9916435,0.7310062,0.8416076
15,-1,,_2,0.1,0,1.0,0.952381,0.9756098
16,-1,,_3,8,0,1.0,0.9361022,0.9669967
17,-1,,_3,1,1,0.9893333,0.761807,0.8607889
18,-1,,_3,8,1,0.9978495,0.7418066,0.8509858
19,-1,,_3,1,0,1.0,0.9191919,0.9578947
20,-1,,_3,100,1,0.9991935,0.8309859,0.9073599
21,-1,,_3,0.1,1,1.0,0.7333333,0.8461538
22,-1,,_3,0.1,0,0.9836066,0.952381,0.9677419
23,-1,,_3,100,0,1.0,0.921762,0.9592884
24,-1,,_5,0.1,0,0.9836066,0.952381,0.9677419
25,-1,,_5,100,1,0.997389,0.7686117,0.8681818
26,-1,,_5,100,0,1.0,0.921762,0.9592884
27,-1,,_5,1,1,0.9890411,0.7412731,0.8474178
28,-1,,_5,0.1,1,1.0,0.7333333,0.8461538
29,-1,,_5,8,1,1.0,0.7394085,0.8501838
30,-1,,_5,1,0,1.0,0.9272727,0.9622642
31,-1,,_5,8,0,1.0,0.936901,0.9674227
32,-1,,_7,0.1,0,0.9836066,0.952381,0.9677419
33,-1,,_7,1,0,1.0,0.9232323,0.960084
34,-1,,_7,8,0,1.0,0.9384984,0.9682736
35,-1,,_7,0.1,1,1.0,0.7166667,0.8349515
36,-1,,_7,100,1,1.0,0.8054997,0.8922734
37,-1,,_7,100,0,1.0,0.9211045,0.9589322
38,-1,,_7,8,1,1.0,0.7873701,0.8810376
39,-1,,_7,1,1,0.9868766,0.7720739,0.8663594
40,-1,,_9,8,0,1.0,0.9337061,0.9657166
41,-1,,_9,100,0,1.0,0.921762,0.9592884
42,-1,,_9,100,1,1.0,0.8075117,0.8935065
43,-1,,_9,1,0,1.0,0.9191919,0.9578947
44,-1,,_9,1,1,0.9916898,0.7351129,0.8443396
45,-1,,_9,0.1,1,1.0,0.7833333,0.8785047
46,-1,,_9,8,1,1.0,0.6746603,0.8057279
47,-1,,_9,0.1,0,0.9836066,0.952381,0.9677419
48,-1,,_11,100,0,1.0,0.921762,0.9592884
49,-1,,_11,8,1,1.0,0.6842526,0.8125297
50,-1,,_11,100,1,0.9975124,0.806841,0.8921023
51,-1,,_11,0.1,0,0.9836066,0.952381,0.9677419
52,-1,,_11,1,0,1.0,0.9232323,0.960084
53,-1,,_11,0.1,1,1.0,0.7,0.8235294
54,-1,,_11,8,0,1.0,0.9353035,0.9665704
55,-1,,_11,1,1,0.9916435,0.7310062,0.8416076
56,-1,,_13,100,0,1.0,0.9230769,0.96
57,-1,,_13,0.1,0,1.0,0.952381,0.9756098
58,-1,,_13,1,1,0.9891892,0.75154,0.8541424
59,-1,,_13,100,1,0.9975124,0.806841,0.8921023
60,-1,,_13,0.1,1,1.0,0.75,0.8571429
61,-1,,_13,8,1,0.9969419,0.7817746,0.8763441
62,-1,,_13,8,0,1.0,0.9337061,0.9657166
63,-1,,_13,1,0,1.0,0.9232323,0.960084
64,-1,,_15,1,1,0.9816273,0.7679671,0.8617512
65,-1,,_15,100,0,1.0,0.921762,0.9592884
66,-1,,_15,8,0,1.0,0.936901,0.9674227
67,-1,,_15,0.1,1,1.0,0.75,0.8571429
68,-1,,_15,0.1,0,0.9836066,0.952381,0.9677419
69,-1,,_15,100,1,1.0,0.8001341,0.8889717
70,-1,,_15,1,0,1.0,0.9232323,0.960084
71,-1,,_15,8,1,1.0,0.7426059,0.8522936
72,-1,,_17,0.1,0,0.9677419,0.952381,0.96
73,-1,,_17,8,1,1.0,0.7418066,0.8517669
74,-1,,_17,100,1,1.0,0.8075117,0.8935065
75,-1,,_17,0.1,1,1.0,0.7333333,0.8461538
76,-1,,_17,1,1,0.9916667,0.7330595,0.8429752
77,-1,,_17,8,0,1.0,0.9353035,0.9665704
78,-1,,_17,1,0,1.0,0.9232323,0.960084
79,-1,,_17,100,0,1.0,0.921762,0.9592884
80,-1,,_19,0.1,1,1.0,0.7166667,0.8349515
81,-1,,_19,100,0,1.0,0.9230769,0.96
82,-1,,_19,1,1,0.9816754,0.7700205,0.863061
83,-1,,_19,8,1,0.9968085,0.7490008,0.8553172
84,-1,,_19,100,1,1.0,0.804829,0.8918618
85,-1,,_19,8,0,1.0,0.936901,0.9674227
86,-1,,_19,0.1,0,0.9836066,0.952381,0.9677419
87,-1,,_19,1,0,1.0,0.9232323,0.960084
88,-1,-2,_4,100,1,1.0,0.8034876,0.8910376
89,-1,-2,_4,0.1,0,0.9677419,0.952381,0.96
90,-1,-2,_4,1,1,0.9889503,0.7351129,0.8433451
91,-1,-2,_4,1,0,1.0,0.9272727,0.9622642
92,-1,-2,_4,100,0,1.0,0.921762,0.9592884
93,-1,-2,_4,8,1,1.0,0.7545963,0.8601367
94,-1,-2,_4,8,0,1.0,0.936901,0.9674227
95,-1,-2,_4,0.1,1,1.0,0.7166667,0.8349515
96,-1,-2,_6,1,1,0.984252,0.7700205,0.8640553
97,-1,-2,_6,1,0,1.0,0.9232323,0.960084
98,-1,-2,_6,8,1,0.9967949,0.7458034,0.8532236
99,-1,-2,_6,0.1,0,0.9677419,0.952381,0.96
100,-1,-2,_6,0.1,1,1.0,0.75,0.8571429
101,-1,-2,_6,100,0,1.0,0.921762,0.9592884
102,-1,-2,_6,100,1,1.0,0.8115359,0.8959645
103,-1,-2,_6,8,0,1.0,0.9400958,0.9691231
104,-1,-2,_8,0.1,0,0.9677419,0.952381,0.96
105,-1,-2,_8,1,1,0.9917127,0.7371663,0.8457008
106,-1,-2,_8,8,1,1.0,0.7466027,0.8549199
107,-1,-2,_8,8,0,1.0,0.936901,0.9674227
108,-1,-2,_8,100,1,0.9975166,0.8081824,0.8929233
109,-1,-2,_8,1,0,1.0,0.9232323,0.960084
110,-1,-2,_8,100,0,1.0,0.921762,0.9592884
111,-1,-2,_8,0.1,1,1.0,0.7333333,0.8461538
112,-1,-2,_10,8,0,1.0,0.9376997,0.9678483
113,-1,-2,_10,100,1,1.0,0.8021462,0.8902121
114,-1,-2,_10,100,0,1.0,0.9230769,0.96
115,-1,-2,_10,8,1,1.0,0.7458034,0.8543956
116,-1,-2,_10,1,0,1.0,0.9292929,0.9633508
117,-1,-2,_10,0.1,0,0.9836066,0.952381,0.9677419
118,-1,-2,_10,1,1,0.9974227,0.7946612,0.8845714
119,-1,-2,_10,0.1,1,1.0,0.7333333,0.8461538
120,-1,-2,_12,1,1,0.9944444,0.7351129,0.8453365
121,-1,-2,_12,0.1,1,1.0,0.7333333,0.8461538
122,-1,-2,_12,1,0,1.0,0.9232323,0.960084
123,-1,-2,_12,100,0,1.0,0.921762,0.9592884
124,-1,-2,_12,0.1,0,0.9677419,0.952381,0.96
125,-1,-2,_12,100,1,1.0,0.8296445,0.9068915
126,-1,-2,_12,8,1,1.0,0.7410072,0.8512397
127,-1,-2,_12,8,0,1.0,0.936901,0.9674227
128,-1,-2,_14,8,1,1.0,0.6898481,0.8164617
129,-1,-2,_14,1,1,0.9891008,0.7453799,0.8501171
130,-1,-2,_14,100,0,1.0,0.9230769,0.96
131,-1,-2,_14,0.1,0,0.9677419,0.952381,0.96
132,-1,-2,_14,1,0,0.9978166,0.9232323,0.9590766
133,-1,-2,_14,0.1,1,1.0,0.7333333,0.8461538
134,-1,-2,_14,8,0,1.0,0.936901,0.9674227
135,-1,-2,_14,100,1,0.9992006,0.8383635,0.9117433
136,-1,-2,_16,100,0,1.0,0.921762,0.9592884
137,-1,-2,_16,0.1,0,0.9677419,0.952381,0.96
138,-1,-2,_16,8,0,1.0,0.9353035,0.9665704
139,-1,-2,_16,8,1,1.0,0.6858513,0.8136558
140,-1,-2,_16,0.1,1,1.0,0.7333333,0.8461538
141,-1,-2,_16,1,1,0.9793814,0.7802875,0.8685714
142,-1,-2,_16,1,0,1.0,0.9191919,0.9578947
143,-1,-2,_16,100,1,0.9968127,0.8390342,0.9111435
144,-1,-2,_18,100,1,0.996769,0.8276325,0.9043606
145,-1,-2,_18,0.1,0,0.9836066,0.952381,0.9677419
146,-1,-2,_18,0.1,1,1.0,0.7333333,0.8461538
147,-1,-2,_18,8,0,1.0,0.9353035,0.9665704
148,-1,-2,_18,1,0,1.0,0.9232323,0.960084
149,-1,-2,_18,8,1,1.0,0.7474021,0.8554437
150,-1,-2,_18,100,0,1.0,0.921762,0.9592884
151,-1,-2,_18,1,1,0.9889197,0.7330595,0.8419811
152,-1,-2,_20,0.1,0,0.9836066,0.952381,0.9677419
153,-1,-2,_20,0.1,1,1.0,0.75,0.8571429
154,-1,-2,_20,1,0,1.0,0.9232323,0.960084
155,-1,-2,_20,8,1,0.9946638,0.745004,0.8519196
156,-1,-2,_20,100,0,1.0,0.921762,0.9592884
157,-1,-2,_20,100,1,0.9935846,0.8309859,0.9050402
158,-1,-2,_20,1,1,0.9793282,0.7782341,0.8672769
159,-1,-2,_20,8,0,1.0,0.936901,0.9674227
160,-2,,,100,1,1.0,0.6760563,0.8067227
161,-2,,,8,0,1.0,0.936901,0.9674227
162,-2,,,0.1,0,0.4225352,0.952381,0.5853659
163,-2,,,1,1,0.9668367,0.7782341,0.8623436
164,-2,,,100,0,1.0,0.921762,0.9592884
165,-2,,,1,0,1.0,0.9272727,0.9622642
166,-2,,,8,1,1.0,0.6298961,0.7729279
167,-2,,,0.1,1,0.4711538,0.8166667,0.597561
168,-2,,_2,100,1,1.0,0.7619048,0.8648649
169,-2,,_2,1,1,0.9719388,0.7823409,0.8668942
170,-2,,_2,100,0,1.0,0.9197896,0.9582192
171,-2,,_2,1,0,1.0,0.9232323,0.960084
172,-2,,_2,0.1,0,0.4081633,0.952381,0.5714286
173,-2,,_2,8,0,1.0,0.9353035,0.9665704
174,-2,,_2,0.1,1,0.5268817,0.8166667,0.6405229
175,-2,,_2,8,1,1.0,0.7114309,0.8313872
176,-2,,_3,8,1,0.9965986,0.7026379,0.8241913
177,-2,,_3,1,1,0.9865229,0.75154,0.8531469
178,-2,,_3,0.1,0,0.3896104,0.952381,0.5529954
179,-2,,_3,100,0,1.0,0.9197896,0.9582192
180,-2,,_3,100,1,1.0,0.7699531,0.8700265
181,-2,,_3,0.1,1,0.5051546,0.8166667,0.6242038
182,-2,,_3,8,0,1.0,0.9384984,0.9682736
183,-2,,_3,1,0,1.0,0.9272727,0.9622642
184,-2,,_5,1,1,0.9719388,0.7823409,0.8668942
185,-2,,_5,0.1,1,0.5157895,0.8166667,0.6322581
186,-2,,_5,100,1,1.0,0.7598927,0.8635671
187,-2,,_5,0.1,0,0.4225352,0.952381,0.5853659
188,-2,,_5,100,0,1.0,0.9197896,0.9582192
189,-2,,_5,1,0,1.0,0.9191919,0.9578947
190,-2,,_5,8,1,1.0,0.705036,0.8270042
191,-2,,_5,8,0,1.0,0.936901,0.9674227
192,-2,,_7,8,0,1.0,0.936901,0.9674227
193,-2,,_7,0.1,1,0.5051546,0.8166667,0.6242038
194,-2,,_7,8,1,1.0,0.7114309,0.8313872
195,-2,,_7,100,0,1.0,0.921762,0.9592884
196,-2,,_7,1,0,1.0,0.9232323,0.960084
197,-2,,_7,0.1,0,0.4761905,0.952381,0.6349206
198,-2,,_7,100,1,1.0,0.787391,0.8810507
199,-2,,_7,1,1,0.987013,0.7802875,0.8715596
200,-2,,_9,1,0,1.0,0.9191919,0.9578947
201,-2,,_9,8,1,0.99875,0.638689,0.7791321
202,-2,,_9,100,1,1.0,0.8014755,0.889799
203,-2,,_9,100,0,1.0,0.921762,0.9592884
204,-2,,_9,0.1,1,0.4949495,0.8166667,0.6163522
205,-2,,_9,0.1,0,0.3703704,0.952381,0.5333333
206,-2,,_9,1,1,0.9716495,0.7741273,0.8617143
207,-2,,_9,8,0,1.0,0.9384984,0.9682736
208,-2,,_11,1,1,0.9811828,0.7494867,0.8498254
209,-2,,_11,0.1,1,0.5326087,0.8166667,0.6447368
210,-2,,_11,100,0,1.0,0.921762,0.9592884
211,-2,,_11,100,1,1.0,0.7780013,0.8751415
212,-2,,_11,8,1,1.0,0.6458833,0.784847
213,-2,,_11,1,0,0.9978166,0.9232323,0.9590766
214,-2,,_11,8,0,1.0,0.9392971,0.9686985
215,-2,,_11,0.1,0,0.3870968,0.952381,0.5504587
216,-2,,_13,1,0,1.0,0.9232323,0.960084
217,-2,,_13,0.1,0,0.4316547,0.952381,0.5940594
218,-2,,_13,100,0,1.0,0.9197896,0.9582192
219,-2,,_13,100,1,1.0,0.7612341,0.8644326
220,-2,,_13,1,1,0.9868074,0.7679671,0.8637413
221,-2,,_13,8,0,1.0,0.9376997,0.9678483
222,-2,,_13,0.1,1,0.5104167,0.8166667,0.6282051
223,-2,,_13,8,1,1.0,0.7066347,0.828103
224,-2,,_15,8,0,1.0,0.9353035,0.9665704
225,-2,,_15,100,0,1.0,0.921762,0.9592884
226,-2,,_15,0.1,1,0.5,0.8166667,0.6202532
227,-2,,_15,0.1,0,0.4137931,0.952381,0.5769231
228,-2,,_15,1,0,1.0,0.9232323,0.960084
229,-2,,_15,1,1,0.9818653,0.7782341,0.8682703
230,-2,,_15,8,1,0.9966368,0.7106315,0.829678
231,-2,,_15,100,1,1.0,0.8122066,0.8963731
232,-2,,_17,8,0,1.0,0.936901,0.9674227
233,-2,,_17,8,1,1.0,0.6442846,0.7836655
234,-2,,_17,0.1,1,0.4711538,0.8166667,0.597561
235,-2,,_17,1,1,0.9890411,0.7412731,0.8474178
236,-2,,_17,0.1,0,0.4316547,0.952381,0.5940594
237,-2,,_17,100,1,1.0,0.665996,0.7995169
238,-2,,_17,1,0,1.0,0.9232323,0.960084
239,-2,,_17,100,0,1.0,0.921762,0.9592884
240,-2,,_19,0.1,1,0.5,0.8,0.6153846
241,-2,,_19,8,0,1.0,0.936901,0.9674227
242,-2,,_19,100,0,1.0,0.9197896,0.9582192
243,-2,,_19,1,1,0.9811321,0.7474333,0.8484848
244,-2,,_19,0.1,0,0.4225352,0.952381,0.5853659
245,-2,,_19,100,1,1.0,0.6532529,0.7902637
246,-2,,_19,8,1,1.0,0.7074341,0.8286517
247,-2,,_19,1,0,1.0,0.9232323,0.960084
248,-2,-2,_4,8,0,1.0,0.9353035,0.9665704
249,-2,-2,_4,100,0,1.0,0.921762,0.9592884
250,-2,-2,_4,0.1,0,0.4,0.952381,0.5633803
251,-2,-2,_4,8,1,0.9966405,0.7114309,0.8302239
252,-2,-2,_4,1,0,1.0,0.9232323,0.960084
253,-2,-2,_4,100,1,1.0,0.8195842,0.9008478
254,-2,-2,_4,0.1,1,0.5517241,0.8,0.6530612
255,-2,-2,_4,1,1,0.9838275,0.7494867,0.8508159
256,-2,-2,_6,1,0,1.0,0.9272727,0.9622642
257,-2,-2,_6,0.1,0,0.4477612,0.952381,0.6091371
258,-2,-2,_6,8,0,1.0,0.936901,0.9674227
259,-2,-2,_6,0.1,1,0.5444444,0.8166667,0.6533333
260,-2,-2,_6,100,1,1.0,0.8195842,0.9008478
261,-2,-2,_6,8,1,1.0,0.7673861,0.8683853
262,-2,-2,_6,100,0,1.0,0.921762,0.9592884
263,-2,-2,_6,1,1,0.9864499,0.7474333,0.8504673
264,-2,-2,_8,1,0,1.0,0.9232323,0.960084
265,-2,-2,_8,8,0,1.0,0.936901,0.9674227
266,-2,-2,_8,0.1,0,0.4109589,0.952381,0.5741627
267,-2,-2,_8,8,1,1.0,0.7090328,0.8297474
268,-2,-2,_8,0.1,1,0.48,0.8,0.6
269,-2,-2,_8,100,0,1.0,0.921762,0.9592884
270,-2,-2,_8,1,1,0.9945504,0.7494867,0.8548009
271,-2,-2,_8,100,1,1.0,0.8215962,0.9020619
272,-2,-2,_10,100,1,1.0,0.7686117,0.8691695
273,-2,-2,_10,1,0,1.0,0.9292929,0.9633508
274,-2,-2,_10,0.1,1,0.3984375,0.85,0.5425532
275,-2,-2,_10,100,0,1.0,0.921762,0.9592884
276,-2,-2,_10,0.1,0,0.4347826,0.952381,0.5970149
277,-2,-2,_10,8,1,0.9966555,0.7146283,0.8324022
278,-2,-2,_10,8,0,1.0,0.9353035,0.9665704
279,-2,-2,_10,1,1,0.9897436,0.7926078,0.8802737
280,-2,-2,_12,100,0,1.0,0.921762,0.9592884
281,-2,-2,_12,1,0,1.0,0.9232323,0.960084
282,-2,-2,_12,8,0,1.0,0.9337061,0.9657166
283,-2,-2,_12,1,1,0.9614458,0.8193018,0.8847007
284,-2,-2,_12,0.1,0,0.4054054,0.952381,0.5687204
285,-2,-2,_12,8,1,1.0,0.7138289,0.8330224
286,-2,-2,_12,100,1,1.0,0.7545272,0.8600917
287,-2,-2,_12,0.1,1,0.3669065,0.85,0.5125628
288,-2,-2,_14,100,0,1.0,0.921762,0.9592884
289,-2,-2,_14,0.1,1,0.5052632,0.8,0.6193548
290,-2,-2,_14,8,1,1.0,0.7146283,0.8335664
291,-2,-2,_14,0.1,0,0.4,0.952381,0.5633803
292,-2,-2,_14,100,1,1.0,0.813548,0.8971893
293,-2,-2,_14,1,1,0.9769231,0.7823409,0.8688712
294,-2,-2,_14,8,0,1.0,0.936901,0.9674227
295,-2,-2,_14,1,0,1.0,0.9292929,0.9633508
296,-2,-2,_16,1,0,0.997807,0.9191919,0.9568875
297,-2,-2,_16,100,0,1.0,0.921762,0.9592884
298,-2,-2,_16,100,1,1.0,0.7411133,0.8513097
299,-2,-2,_16,8,0,1.0,0.9353035,0.9665704
300,-2,-2,_16,8,1,0.9965596,0.6946443,0.8186528
301,-2,-2,_16,0.1,0,0.4285714,0.952381,0.591133
302,-2,-2,_16,0.1,1,0.516129,0.8,0.627451
303,-2,-2,_16,1,1,0.9811321,0.7474333,0.8484848
304,-2,-2,_18,0.1,1,0.4851485,0.8166667,0.6086957
305,-2,-2,_18,1,0,1.0,0.9191919,0.9578947
306,-2,-2,_18,1,1,0.9661836,0.8213552,0.8879023
307,-2,-2,_18,100,0,1.0,0.921762,0.9592884
308,-2,-2,_18,0.1,0,0.4166667,0.952381,0.5797101
309,-2,-2,_18,8,1,1.0,0.7130296,0.8324778
310,-2,-2,_18,8,0,1.0,0.9384984,0.9682736
311,-2,-2,_18,100,1,1.0,0.8229376,0.9028698
312,-2,-2,_20,8,1,1.0,0.6650679,0.7988478
313,-2,-2,_20,0.1,0,0.4316547,0.952381,0.5940594
314,-2,-2,_20,100,1,1.0,0.6753856,0.806245
315,-2,-2,_20,1,0,1.0,0.9232323,0.960084
316,-2,-2,_20,100,0,1.0,0.9230769,0.96
317,-2,-2,_20,0.1,1,0.4848485,0.8,0.6037736
318,-2,-2,_20,1,1,0.9741602,0.7741273,0.8627002
319,-2,-2,_20,8,0,1.0,0.9361022,0.9669967
320,-3,,,8,1,1.0,0.6986411,0.8225882
321,-3,,,0.1,1,1.0,0.75,0.8571429
322,-3,,,100,0,1.0,0.921762,0.9592884
323,-3,,,0.1,0,0.9836066,0.952381,0.9677419
324,-3,,,1,1,0.9714286,0.7679671,0.8577982
325,-3,,,1,0,1.0,0.9191919,0.9578947
326,-3,,,8,0,1.0,0.936901,0.9674227
327,-3,,,100,1,1.0,0.8450704,0.9160305
328,-3,,_2,1,0,1.0,0.9292929,0.9633508
329,-3,,_2,100,0,1.0,0.921762,0.9592884
330,-3,,_2,0.1,0,0.9836066,0.952381,0.9677419
331,-3,,_2,100,1,0.997555,0.8209256,0.9006623
332,-3,,_2,8,0,1.0,0.936901,0.9674227
333,-3,,_2,0.1,1,1.0,0.7666667,0.8679245
334,-3,,_2,1,1,0.9889197,0.7330595,0.8419811
335,-3,,_2,8,1,0.9978947,0.7577938,0.8614266
336,-3,,_3,8,1,1.0,0.6954436,0.8203678
337,-3,,_3,0.1,0,0.9836066,0.952381,0.9677419
338,-3,,_3,8,0,1.0,0.9337061,0.9657166
339,-3,,_3,100,0,1.0,0.921762,0.9592884
340,-3,,_3,1,0,1.0,0.9272727,0.9622642
341,-3,,_3,0.1,1,1.0,0.7666667,0.8679245
342,-3,,_3,100,1,1.0,0.8336687,0.9092904
343,-3,,_3,1,1,0.9917582,0.7412731,0.8484136
344,-3,,_5,1,0,1.0,0.9232323,0.960084
345,-3,,_5,100,0,1.0,0.9230769,0.96
346,-3,,_5,0.1,0,0.9836066,0.952381,0.9677419
347,-3,,_5,100,1,0.9976247,0.8450704,0.9150327
348,-3,,_5,0.1,1,1.0,0.7833333,0.8785047
349,-3,,_5,1,1,0.9918033,0.7453799,0.8511137
350,-3,,_5,8,0,1.0,0.936901,0.9674227
351,-3,,_5,8,1,0.9978791,0.7521982,0.857794
352,-3,,_7,0.1,1,1.0,0.7333333,0.8461538
353,-3,,_7,0.1,0,0.9836066,0.952381,0.9677419
354,-3,,_7,100,0,1.0,0.921762,0.9592884
355,-3,,_7,1,0,1.0,0.9191919,0.9578947
356,-3,,_7,1,1,0.9792746,0.7761807,0.8659794
357,-3,,_7,8,1,0.9979101,0.7633893,0.8650362
358,-3,,_7,100,1,0.9952267,0.8390342,0.9104803
359,-3,,_7,8,0,0.997449,0.936901,0.9662273
360,-3,,_9,100,1,1.0,0.8142186,0.897597
361,-3,,_9,8,0,1.0,0.9337061,0.9657166
362,-3,,_9,1,1,0.9890411,0.7412731,0.8474178
363,-3,,_9,0.1,0,0.9836066,0.952381,0.9677419
364,-3,,_9,100,0,1.0,0.921762,0.9592884
365,-3,,_9,1,0,1.0,0.9232323,0.960084
366,-3,,_9,0.1,1,1.0,0.75,0.8571429
367,-3,,_9,8,1,1.0,0.7058353,0.8275539
368,-3,,_11,1,0,1.0,0.9191919,0.9578947
369,-3,,_11,8,0,1.0,0.936901,0.9674227
370,-3,,_11,100,1,0.9968454,0.8477532,0.916274
371,-3,,_11,0.1,0,0.9836066,0.952381,0.9677419
372,-3,,_11,8,1,1.0,0.753797,0.8596171
373,-3,,_11,100,0,1.0,0.921762,0.9592884
374,-3,,_11,1,1,0.9869792,0.7782341,0.8702641
375,-3,,_11,0.1,1,1.0,0.7333333,0.8461538
376,-3,,_13,8,1,0.9979381,0.773781,0.8716794
377,-3,,_13,0.1,1,1.0,0.7333333,0.8461538
378,-3,,_13,8,0,1.0,0.9353035,0.9665704
379,-3,,_13,100,0,1.0,0.921762,0.9592884
380,-3,,_13,1,1,0.9890411,0.7412731,0.8474178
381,-3,,_13,0.1,0,0.9836066,0.952381,0.9677419
382,-3,,_13,1,0,1.0,0.9292929,0.9633508
383,-3,,_13,100,1,0.9976247,0.8450704,0.9150327
384,-3,,_15,8,0,1.0,0.9353035,0.9665704
385,-3,,_15,1,0,0.997807,0.9191919,0.9568875
386,-3,,_15,0.1,1,1.0,0.7666667,0.8679245
387,-3,,_15,100,0,1.0,0.921762,0.9592884
388,-3,,_15,100,1,0.9920698,0.8390342,0.909157
389,-3,,_15,1,1,0.9917808,0.7433265,0.8497653
390,-3,,_15,0.1,0,0.9836066,0.952381,0.9677419
391,-3,,_15,8,1,1.0,0.7993605,0.888494
392,-3,,_17,8,1,1.0,0.756195,0.8611743
393,-3,,_17,1,0,1.0,0.9292929,0.9633508
394,-3,,_17,100,1,1.0,0.8531187,0.9207383
395,-3,,_17,1,1,0.9768638,0.7802875,0.8675799
396,-3,,_17,0.1,1,1.0,0.75,0.8571429
397,-3,,_17,100,0,1.0,0.921762,0.9592884
398,-3,,_17,8,0,1.0,0.9353035,0.9665704
399,-3,,_17,0.1,0,0.9836066,0.952381,0.9677419
400,-3,,_19,100,0,1.0,0.9197896,0.9582192
401,-3,,_19,1,0,1.0,0.9191919,0.9578947
402,-3,,_19,8,1,0.9947479,0.7569944,0.8597367
403,-3,,_19,100,1,1.0,0.8215962,0.9020619
404,-3,,_19,0.1,1,1.0,0.75,0.8571429
405,-3,,_19,8,0,1.0,0.936901,0.9674227
406,-3,,_19,1,1,0.9890411,0.7412731,0.8474178
407,-3,,_19,0.1,0,0.9836066,0.952381,0.9677419
408,-3,-2,_4,1,1,0.9742931,0.7782341,0.8652968
409,-3,-2,_4,0.1,0,0.9836066,0.952381,0.9677419
410,-3,-2,_4,100,1,0.9975845,0.8309859,0.9066959
411,-3,-2,_4,100,0,1.0,0.9230769,0.96
412,-3,-2,_4,8,0,1.0,0.9384984,0.9682736
413,-3,-2,_4,1,0,1.0,0.9191919,0.9578947
414,-3,-2,_4,0.1,1,1.0,0.7833333,0.8785047
415,-3,-2,_4,8,1,0.997897,0.7585931,0.8619437
416,-3,-2,_6,8,1,0.9978925,0.7569944,0.8609091
417,-3,-2,_6,0.1,1,1.0,0.75,0.8571429
418,-3,-2,_6,8,0,1.0,0.9353035,0.9665704
419,-3,-2,_6,100,0,1.0,0.921762,0.9592884
420,-3,-2,_6,1,1,0.9891304,0.7474333,0.851462
421,-3,-2,_6,0.1,0,0.9836066,0.952381,0.9677419
422,-3,-2,_6,1,0,1.0,0.9232323,0.960084
423,-3,-2,_6,100,1,0.997561,0.8229376,0.9018743
424,-3,-2,_8,8,0,1.0,0.9353035,0.9665704
425,-3,-2,_8,0.1,1,1.0,0.75,0.8571429
426,-3,-2,_8,1,1,0.9803922,0.8213552,0.8938547
427,-3,-2,_8,100,0,1.0,0.921762,0.9592884
428,-3,-2,_8,1,0,0.9956427,0.9232323,0.9580713
429,-3,-2,_8,0.1,0,0.9836066,0.952381,0.9677419
430,-3,-2,_8,100,1,0.997551,0.8195842,0.8998527
431,-3,-2,_8,8,1,0.9979508,0.7785771,0.8747194
432,-3,-2,_10,0.1,1,1.0,0.7333333,0.8461538
433,-3,-2,_10,0.1,0,0.9836066,0.952381,0.9677419
434,-3,-2,_10,8,1,1.0,0.753797,0.8596171
435,-3,-2,_10,1,0,1.0,0.9191919,0.9578947
436,-3,-2,_10,8,0,1.0,0.9353035,0.9665704
437,-3,-2,_10,100,0,1.0,0.921762,0.9592884
438,-3,-2,_10,1,1,0.9779412,0.8193018,0.8916201
439,-3,-2,_10,100,1,0.9976172,0.8423877,0.9134545
440,-3,-2,_12,1,1,0.9917582,0.7412731,0.8484136
441,-3,-2,_12,100,0,1.0,0.921762,0.9592884
442,-3,-2,_12,100,1,0.997561,0.8229376,0.9018743
443,-3,-2,_12,8,1,0.9979839,0.7913669,0.8827463
444,-3,-2,_12,0.1,0,0.9836066,0.952381,0.9677419
445,-3,-2,_12,8,0,1.0,0.936901,0.9674227
446,-3,-2,_12,0.1,1,1.0,0.7333333,0.8461538
447,-3,-2,_12,1,0,1.0,0.9232323,0.960084
448,-3,-2,_14,1,1,0.9768041,0.7782341,0.8662857
449,-3,-2,_14,0.1,0,0.9836066,0.952381,0.9677419
450,-3,-2,_14,0.1,1,1.0,0.7333333,0.8461538
451,-3,-2,_14,8,1,0.9977195,0.6994404,0.8223684
452,-3,-2,_14,100,1,1.0,0.8256204,0.904482
453,-3,-2,_14,8,0,1.0,0.9337061,0.9657166
454,-3,-2,_14,1,0,1.0,0.9232323,0.960084
455,-3,-2,_14,100,0,1.0,0.921762,0.9592884
456,-3,-2,_16,1,1,0.9916898,0.7351129,0.8443396
457,-3,-2,_16,0.1,0,0.9836066,0.952381,0.9677419
458,-3,-2,_16,8,0,1.0,0.9353035,0.9665704
459,-3,-2,_16,1,0,1.0,0.9272727,0.9622642
460,-3,-2,_16,100,0,1.0,0.921762,0.9592884
461,-3,-2,_16,100,1,0.9975709,0.8262911,0.9038885
462,-3,-2,_16,0.1,1,1.0,0.75,0.8571429
463,-3,-2,_16,8,1,0.9957983,0.7577938,0.8606446
464,-3,-2,_18,100,0,1.0,0.921762,0.9592884
465,-3,-2,_18,8,0,1.0,0.9353035,0.9665704
466,-3,-2,_18,1,1,0.9916667,0.7330595,0.8429752
467,-3,-2,_18,8,1,0.9979188,0.7665867,0.8670886
468,-3,-2,_18,100,1,0.995086,0.8148893,0.8960177
469,-3,-2,_18,1,0,0.9978308,0.9292929,0.9623431
470,-3,-2,_18,0.1,0,1.0,0.952381,0.9756098
471,-3,-2,_18,0.1,1,1.0,0.75,0.8571429
472,-3,-2,_20,8,0,1.0,0.936901,0.9674227
473,-3,-2,_20,100,0,1.0,0.9230769,0.96
474,-3,-2,_20,1,0,1.0,0.9232323,0.960084
475,-3,-2,_20,100,1,0.997543,0.8169014,0.8982301
476,-3,-2,_20,0.1,0,0.9836066,0.952381,0.9677419
477,-3,-2,_20,1,1,0.984375,0.7761807,0.8679679
478,-3,-2,_20,0.1,1,1.0,0.75,0.8571429
479,-3,-2,_20,8,1,0.9978814,0.7529976,0.8583144
480,-4,,,1,1,0.990566,0.862423,0.9220637
481,-4,,,100,0,1.0,0.921762,0.9592884
482,-4,,,0.1,1,0.877193,0.8333333,0.8547009
483,-4,,,1,0,0.9978261,0.9272727,0.9612565
484,-4,,,8,1,0.9902344,0.8105516,0.8914286
485,-4,,,8,0,1.0,0.9353035,0.9665704
486,-4,,,0.1,0,0.8695652,0.952381,0.9090909
487,-4,,,100,1,0.9968726,0.8551308,0.9205776
488,-4,,_2,100,0,1.0,0.921762,0.9592884
489,-4,,_2,0.1,0,0.8955224,0.952381,0.9230769
490,-4,,_2,100,1,0.9968677,0.8537894,0.9197977
491,-4,,_2,1,0,0.9978402,0.9333333,0.9645094
492,-4,,_2,8,0,1.0,0.9384984,0.9682736
493,-4,,_2,0.1,1,0.9090909,0.8333333,0.8695652
494,-4,,_2,1,1,0.9764151,0.8501027,0.9088913
495,-4,,_2,8,1,0.9960938,0.8153477,0.8967033
496,-4,,_3,0.1,0,0.8571429,0.952381,0.9022556
497,-4,,_3,8,0,1.0,0.9353035,0.9665704
498,-4,,_3,1,1,0.9905213,0.8583162,0.919692
499,-4,,_3,100,1,0.9968847,0.8584842,0.9225225
500,-4,,_3,0.1,1,0.8928571,0.8333333,0.862069
501,-4,,_3,1,0,1.0,0.9232323,0.960084
502,-4,,_3,100,0,1.0,0.921762,0.9592884
503,-4,,_3,8,1,0.9961278,0.822542,0.9010508
504,-4,,_5,0.1,1,0.877193,0.8333333,0.8547009
505,-4,,_5,100,1,0.9960692,0.8497653,0.9171191
506,-4,,_5,8,0,1.0,0.9337061,0.9657166
507,-4,,_5,0.1,0,0.8955224,0.952381,0.9230769
508,-4,,_5,100,0,1.0,0.921762,0.9592884
509,-4,,_5,1,1,0.9882904,0.8665298,0.9234136
510,-4,,_5,8,1,0.9960823,0.8129496,0.8952465
511,-4,,_5,1,0,1.0,0.9232323,0.960084
512,-4,,_7,8,1,0.9961052,0.8177458,0.8981563
513,-4,,_7,1,0,1.0,0.9232323,0.960084
514,-4,,_7,0.1,0,0.9677419,0.952381,0.96
515,-4,,_7,8,0,1.0,0.9353035,0.9665704
516,-4,,_7,0.1,1,0.877193,0.8333333,0.8547009
517,-4,,_7,100,0,1.0,0.921762,0.9592884
518,-4,,_7,100,1,0.9968578,0.8511066,0.9182344
519,-4,,_7,1,1,0.981352,0.8644764,0.919214
520,-4,,_9,1,1,0.9880383,0.8480493,0.9127072
521,-4,,_9,8,1,0.9960861,0.813749,0.8957325
522,-4,,_9,100,1,0.995338,0.8591549,0.9222462
523,-4,,_9,8,0,1.0,0.936901,0.9674227
524,-4,,_9,0.1,0,0.952381,0.952381,0.952381
525,-4,,_9,100,0,1.0,0.921762,0.9592884
526,-4,,_9,0.1,1,0.8947368,0.85,0.8717949
527,-4,,_9,1,0,0.997807,0.9191919,0.9568875
528,-4,,_11,1,0,0.997807,0.9191919,0.9568875
529,-4,,_11,100,0,1.0,0.921762,0.9592884
530,-4,,_11,8,0,1.0,0.9408946,0.9695473
531,-4,,_11,8,1,0.9960823,0.8129496,0.8952465
532,-4,,_11,1,1,0.9858156,0.8562628,0.9164835
533,-4,,_11,0.1,1,0.8947368,0.85,0.8717949
534,-4,,_11,100,1,0.9968774,0.8564722,0.9213564
535,-4,,_11,0.1,0,0.8695652,0.952381,0.9090909
536,-4,,_13,0.1,1,0.8793103,0.85,0.8644068
537,-4,,_13,1,1,0.9858824,0.8603696,0.9188596
538,-4,,_13,1,0,0.9956427,0.9232323,0.9580713
539,-4,,_13,8,1,0.9960784,0.8121503,0.89476
540,-4,,_13,100,0,1.0,0.921762,0.9592884
541,-4,,_13,100,1,0.9960907,0.8544601,0.9198556
542,-4,,_13,8,0,1.0,0.9376997,0.9678483
543,-4,,_13,0.1,0,0.8955224,0.952381,0.9230769
544,-4,,_15,8,0,1.0,0.936901,0.9674227
545,-4,,_15,100,0,1.0,0.921762,0.9592884
546,-4,,_15,0.1,0,0.8571429,0.952381,0.9022556
547,-4,,_15,0.1,1,0.9090909,0.8333333,0.8695652
548,-4,,_15,100,1,0.996115,0.8598256,0.9229662
549,-4,,_15,8,1,0.9960899,0.8145484,0.8962181
550,-4,,_15,1,0,1.0,0.9191919,0.9578947
551,-4,,_15,1,1,0.9811321,0.8542094,0.9132821
552,-4,,_17,0.1,1,0.8947368,0.85,0.8717949
553,-4,,_17,8,1,1.0,0.8097522,0.8948763
554,-4,,_17,1,1,0.9858156,0.8562628,0.9164835
555,-4,,_17,1,0,1.0,0.9191919,0.9578947
556,-4,,_17,0.1,0,0.8823529,0.952381,0.9160305
557,-4,,_17,8,0,1.0,0.9353035,0.9665704
558,-4,,_17,100,1,0.9968553,0.8504359,0.9178429
559,-4,,_17,100,0,1.0,0.9178172,0.9571478
560,-4,,_19,1,0,1.0,0.9232323,0.960084
561,-4,,_19,100,1,0.9929356,0.8484239,0.915009
562,-4,,_19,0.1,1,0.9090909,0.8333333,0.8695652
563,-4,,_19,8,1,0.9951124,0.813749,0.8953386
564,-4,,_19,1,1,0.9788235,0.8542094,0.9122807
565,-4,,_19,0.1,0,0.8695652,0.952381,0.9090909
566,-4,,_19,100,0,1.0,0.9230769,0.96
567,-4,,_19,8,0,1.0,0.9353035,0.9665704
568,-4,-2,_4,8,1,0.9960823,0.8129496,0.8952465
569,-4,-2,_4,100,0,1.0,0.921762,0.9592884
570,-4,-2,_4,100,1,0.9945568,0.8578135,0.9211379
571,-4,-2,_4,0.1,1,0.9259259,0.8333333,0.877193
572,-4,-2,_4,0.1,0,0.8823529,0.952381,0.9160305
573,-4,-2,_4,1,0,1.0,0.9232323,0.960084
574,-4,-2,_4,8,0,1.0,0.9392971,0.9686985
575,-4,-2,_4,1,1,0.9881797,0.8583162,0.9186813
576,-4,-2,_6,1,0,0.997807,0.9191919,0.9568875
577,-4,-2,_6,100,1,0.9968847,0.8584842,0.9225225
578,-4,-2,_6,100,0,1.0,0.921762,0.9592884
579,-4,-2,_6,0.1,0,0.8695652,0.952381,0.9090909
580,-4,-2,_6,1,1,0.9790698,0.8644764,0.9182116
581,-4,-2,_6,0.1,1,0.8928571,0.8333333,0.862069
582,-4,-2,_6,8,1,0.9960669,0.8097522,0.8932981
583,-4,-2,_6,8,0,1.0,0.936901,0.9674227
584,-4,-2,_8,0.1,1,0.8928571,0.8333333,0.862069
585,-4,-2,_8,8,0,1.0,0.9353035,0.9665704
586,-4,-2,_8,1,1,0.985782,0.8542094,0.9152915
587,-4,-2,_8,8,1,0.9960784,0.8121503,0.89476
588,-4,-2,_8,0.1,0,0.8823529,0.952381,0.9160305
589,-4,-2,_8,100,1,0.994561,0.8584842,0.9215263
590,-4,-2,_8,100,0,1.0,0.921762,0.9592884
591,-4,-2,_8,1,0,1.0,0.9191919,0.9578947
592,-4,-2,_10,0.1,1,0.8928571,0.8333333,0.862069
593,-4,-2,_10,8,0,1.0,0.9353035,0.9665704
594,-4,-2,_10,8,1,1.0,0.8145484,0.8977974
595,-4,-2,_10,0.1,0,0.8695652,0.952381,0.9090909
596,-4,-2,_10,1,0,1.0,0.9232323,0.960084
597,-4,-2,_10,100,0,1.0,0.9243918,0.9607106
598,-4,-2,_10,100,1,0.9968504,0.8490946,0.917059
599,-4,-2,_10,1,1,0.9905213,0.8583162,0.919692
600,-4,-2,_12,100,1,0.996115,0.8598256,0.9229662
601,-4,-2,_12,0.1,0,0.8695652,0.952381,0.9090909
602,-4,-2,_12,8,0,1.0,0.9353035,0.9665704
603,-4,-2,_12,8,1,0.9960669,0.8097522,0.8932981
604,-4,-2,_12,1,1,0.9834515,0.8542094,0.9142857
605,-4,-2,_12,0.1,1,0.8928571,0.8333333,0.862069
606,-4,-2,_12,100,0,1.0,0.921762,0.9592884
607,-4,-2,_12,1,0,1.0,0.9232323,0.960084
608,-4,-2,_14,100,1,0.9968799,0.8571429,0.9217454
609,-4,-2,_14,1,1,0.9810875,0.8521561,0.9120879
610,-4,-2,_14,8,0,1.0,0.9408946,0.9695473
611,-4,-2,_14,0.1,0,0.8695652,0.952381,0.9090909
612,-4,-2,_14,0.1,1,0.877193,0.8333333,0.8547009
613,-4,-2,_14,8,1,0.9960707,0.8105516,0.8937858
614,-4,-2,_14,100,0,1.0,0.921762,0.9592884
615,-4,-2,_14,1,0,1.0,0.9292929,0.9633508
616,-4,-2,_16,0.1,1,0.877193,0.8333333,0.8547009
617,-4,-2,_16,100,0,1.0,0.921762,0.9592884
618,-4,-2,_16,0.1,0,0.8571429,0.952381,0.9022556
619,-4,-2,_16,1,0,1.0,0.9232323,0.960084
620,-4,-2,_16,1,1,0.985782,0.8542094,0.9152915
621,-4,-2,_16,100,1,0.9945055,0.8497653,0.9164557
622,-4,-2,_16,8,0,1.0,0.9384984,0.9682736
623,-4,-2,_16,8,1,0.9961165,0.8201439,0.8996054
624,-4,-2,_18,0.1,1,0.877193,0.8333333,0.8547009
625,-4,-2,_18,8,0,1.0,0.936901,0.9674227
626,-4,-2,_18,1,0,1.0,0.9232323,0.960084
627,-4,-2,_18,1,1,0.9811321,0.8542094,0.9132821
628,-4,-2,_18,0.1,0,0.8823529,0.952381,0.9160305
629,-4,-2,_18,8,1,0.9961014,0.8169464,0.8976724
630,-4,-2,_18,100,1,0.9945141,0.8511066,0.9172389
631,-4,-2,_18,100,0,1.0,0.921762,0.9592884
632,-4,-2,_20,1,0,1.0,0.9232323,0.960084
633,-4,-2,_20,0.1,1,0.8928571,0.8333333,0.862069
634,-4,-2,_20,8,0,1.0,0.9337061,0.9657166
635,-4,-2,_20,8,1,0.9961089,0.8185452,0.8986398
636,-4,-2,_20,100,0,1.0,0.921762,0.9592884
637,-4,-2,_20,1,1,0.9858156,0.8562628,0.9164835
638,-4,-2,_20,100,1,0.9960754,0.8511066,0.9179024
639,-4,-2,_20,0.1,0,0.9090909,0.952381,0.9302326
640,-5,,,0.1,1,0.2947977,0.85,0.4377682
641,-5,,,0.1,0,0.3225806,0.952381,0.4819277
642,-5,,,100,1,1.0,0.8490946,0.9183896
643,-5,,,8,0,1.0,0.9353035,0.9665704
644,-5,,,1,1,0.9675174,0.8562628,0.9084967
645,-5,,,100,0,1.0,0.921762,0.9592884
646,-5,,,8,1,1.0,0.8001599,0.8889876
647,-5,,,1,0,1.0,0.9232323,0.960084
648,-5,,_2,8,0,1.0,0.936901,0.9674227
649,-5,,_2,1,0,1.0,0.9252525,0.9611752
650,-5,,_2,0.1,1,0.3,0.85,0.4434783
651,-5,,_2,100,1,1.0,0.8443997,0.9156364
652,-5,,_2,1,1,0.9632184,0.8603696,0.9088937
653,-5,,_2,0.1,0,0.3333333,0.952381,0.4938272
654,-5,,_2,8,1,1.0,0.8033573,0.8909574
655,-5,,_2,100,0,1.0,0.9230769,0.96
656,-5,,_3,100,1,1.0,0.8490946,0.9183896
657,-5,,_3,8,0,1.0,0.9353035,0.9665704
658,-5,,_3,8,1,0.9970209,0.802558,0.8892826
659,-5,,_3,0.1,0,0.3296703,0.952381,0.4897959
660,-5,,_3,1,1,0.9630485,0.8562628,0.9065217
661,-5,,_3,0.1,1,0.2914286,0.85,0.4340426
662,-5,,_3,100,0,1.0,0.9197896,0.9582192
663,-5,,_3,1,0,1.0,0.9232323,0.960084
664,-5,,_5,0.1,1,0.3017751,0.85,0.4454148
665,-5,,_5,8,1,1.0,0.8033573,0.8909574
666,-5,,_5,100,0,1.0,0.921762,0.9592884
667,-5,,_5,1,1,0.9767442,0.862423,0.9160305
668,-5,,_5,100,1,1.0,0.8511066,0.9195652
669,-5,,_5,1,0,0.9978166,0.9232323,0.9590766
670,-5,,_5,0.1,0,0.3174603,0.952381,0.4761905
671,-5,,_5,8,0,1.0,0.9353035,0.9665704
672,-5,,_7,0.1,0,0.3,0.952381,0.4562738
673,-5,,_7,8,1,1.0,0.8089528,0.894388
674,-5,,_7,1,0,1.0,0.9232323,0.960084
675,-5,,_7,1,1,0.9699074,0.8603696,0.9118607
676,-5,,_7,8,0,1.0,0.936901,0.9674227
677,-5,,_7,100,0,1.0,0.921762,0.9592884
678,-5,,_7,100,1,1.0,0.8551308,0.9219089
679,-5,,_7,0.1,1,0.281768,0.85,0.4232365
680,-5,,_9,100,1,1.0,0.8531187,0.9207383
681,-5,,_9,8,1,1.0,0.8033573,0.8909574
682,-5,,_9,100,0,1.0,0.9197896,0.9582192
683,-5,,_9,1,0,1.0,0.9232323,0.960084
684,-5,,_9,0.1,1,0.3109756,0.85,0.4553571
685,-5,,_9,0.1,0,0.3208556,0.952381,0.48
686,-5,,_9,1,1,0.972028,0.8562628,0.9104803
687,-5,,_9,8,0,1.0,0.9353035,0.9665704
688,-5,,_11,0.1,0,0.3278689,0.952381,0.4878049
689,-5,,_11,100,0,1.0,0.921762,0.9592884
690,-5,,_11,8,0,1.0,0.9353035,0.9665704
691,-5,,_11,0.1,1,0.3072289,0.85,0.4513274
692,-5,,_11,100,1,1.0,0.8450704,0.9160305
693,-5,,_11,8,1,1.0,0.802558,0.8904656
694,-5,,_11,1,0,1.0,0.9272727,0.9622642
695,-5,,_11,1,1,0.9766355,0.8583162,0.9136612
696,-5,,_13,8,1,0.9960357,0.8033573,0.8893805
697,-5,,_13,1,0,1.0,0.9272727,0.9622642
698,-5,,_13,100,0,1.0,0.9197896,0.9582192
699,-5,,_13,1,1,0.9719626,0.8542094,0.9092896
700,-5,,_13,0.1,1,0.3227848,0.85,0.4678899
701,-5,,_13,100,1,1.0,0.8504359,0.9191736
702,-5,,_13,0.1,0,0.3125,0.952381,0.4705882
703,-5,,_13,8,0,1.0,0.9384984,0.9682736
704,-5,,_15,1,1,0.9792148,0.8706366,0.9217391
705,-5,,_15,100,1,1.0,0.8443997,0.9156364
706,-5,,_15,8,1,1.0,0.8081535,0.8938992
707,-5,,_15,0.1,1,0.3311688,0.85,0.4766355
708,-5,,_15,0.1,0,0.3333333,0.952381,0.4938272
709,-5,,_15,8,0,1.0,0.936901,0.9674227
710,-5,,_15,100,0,1.0,0.921762,0.9592884
711,-5,,_15,1,0,1.0,0.9191919,0.9578947
712,-5,,_17,100,1,1.0,0.8551308,0.9219089
713,-5,,_17,1,0,1.0,0.9232323,0.960084
714,-5,,_17,100,0,1.0,0.921762,0.9592884
715,-5,,_17,8,0,1.0,0.9353035,0.9665704
716,-5,,_17,0.1,0,0.3529412,0.952381,0.5150215
717,-5,,_17,8,1,1.0,0.804956,0.8919398
718,-5,,_17,1,1,0.9697674,0.8562628,0.9094875
719,-5,,_17,0.1,1,0.3072289,0.85,0.4513274
720,-5,,_19,8,0,1.0,0.9353035,0.9665704
721,-5,,_19,0.1,1,0.3090909,0.85,0.4533333
722,-5,,_19,1,0,1.0,0.9232323,0.960084
723,-5,,_19,100,0,1.0,0.921762,0.9592884
724,-5,,_19,0.1,0,0.3488372,0.952381,0.5106383
725,-5,,_19,1,1,0.972093,0.8583162,0.9116685
726,-5,,_19,100,1,0.9992082,0.8464118,0.9164851
727,-5,,_19,8,1,1.0,0.804956,0.8919398
728,-5,-2,_4,100,0,1.0,0.921762,0.9592884
729,-5,-2,_4,100,1,1.0,0.852448,0.9203476
730,-5,-2,_4,0.1,0,0.3314917,0.952381,0.4918033
731,-5,-2,_4,8,0,1.0,0.9361022,0.9669967
732,-5,-2,_4,8,1,1.0,0.802558,0.8904656
733,-5,-2,_4,1,1,0.9723502,0.8665298,0.9163952
734,-5,-2,_4,1,0,1.0,0.9191919,0.9578947
735,-5,-2,_4,0.1,1,0.3053892,0.85,0.4493392
736,-5,-2,_6,0.1,0,0.3428571,0.952381,0.5042017
737,-5,-2,_6,8,1,1.0,0.8113509,0.8958517
738,-5,-2,_6,0.1,1,0.3072289,0.85,0.4513274
739,-5,-2,_6,8,0,1.0,0.936901,0.9674227
740,-5,-2,_6,100,0,1.0,0.921762,0.9592884
741,-5,-2,_6,1,1,0.9697674,0.8562628,0.9094875
742,-5,-2,_6,100,1,0.999212,0.8504359,0.9188406
743,-5,-2,_6,1,0,1.0,0.9252525,0.9611752
744,-5,-2,_8,1,1,0.97254,0.8726899,0.9199134
745,-5,-2,_8,1,0,1.0,0.9232323,0.960084
746,-5,-2,_8,0.1,0,0.3314917,0.952381,0.4918033
747,-5,-2,_8,0.1,1,0.3109756,0.85,0.4553571
748,-5,-2,_8,8,1,1.0,0.8057554,0.8924303
749,-5,-2,_8,8,0,1.0,0.936901,0.9674227
750,-5,-2,_8,100,1,1.0,0.8443997,0.9156364
751,-5,-2,_8,100,0,1.0,0.921762,0.9592884
752,-5,-2,_10,100,0,1.0,0.9237344,0.9603554
753,-5,-2,_10,1,1,0.9722222,0.862423,0.914037
754,-5,-2,_10,100,1,1.0,0.8464118,0.916818
755,-5,-2,_10,0.1,0,0.3278689,0.952381,0.4878049
756,-5,-2,_10,0.1,1,0.3072289,0.85,0.4513274
757,-5,-2,_10,1,0,0.9978166,0.9232323,0.9590766
758,-5,-2,_10,8,1,0.9960552,0.8073541,0.8918322
759,-5,-2,_10,8,0,1.0,0.9353035,0.9665704
760,-5,-2,_12,1,1,0.9651972,0.8542094,0.9063181
761,-5,-2,_12,0.1,1,0.3035714,0.85,0.4473684
762,-5,-2,_12,100,1,1.0,0.8544601,0.921519
763,-5,-2,_12,8,0,1.0,0.936901,0.9674227
764,-5,-2,_12,8,1,1.0,0.8097522,0.8948763
765,-5,-2,_12,0.1,0,0.3125,0.952381,0.4705882
766,-5,-2,_12,100,0,1.0,0.9230769,0.96
767,-5,-2,_12,1,0,1.0,0.9292929,0.9633508
768,-5,-2,_14,8,0,1.0,0.9384984,0.9682736
769,-5,-2,_14,8,1,1.0,0.8073541,0.89341
770,-5,-2,_14,1,1,0.9627907,0.8501027,0.9029444
771,-5,-2,_14,100,1,1.0,0.8470825,0.9172113
772,-5,-2,_14,0.1,1,0.2965116,0.85,0.4396552
773,-5,-2,_14,0.1,0,0.3076923,0.952381,0.4651163
774,-5,-2,_14,1,0,0.9978166,0.9232323,0.9590766
775,-5,-2,_14,100,0,1.0,0.921762,0.9592884
776,-5,-2,_16,100,0,1.0,0.921762,0.9592884
777,-5,-2,_16,1,1,0.9675926,0.8583162,0.9096844
778,-5,-2,_16,0.1,1,0.2881356,0.85,0.4303797
779,-5,-2,_16,100,1,1.0,0.8484239,0.9179971
780,-5,-2,_16,1,0,1.0,0.9232323,0.960084
781,-5,-2,_16,8,1,1.0,0.8073541,0.89341
782,-5,-2,_16,8,0,1.0,0.936901,0.9674227
783,-5,-2,_16,0.1,0,0.326087,0.952381,0.48583
784,-5,-2,_18,0.1,1,0.3355263,0.85,0.4811321
785,-5,-2,_18,100,1,1.0,0.8464118,0.916818
786,-5,-2,_18,8,1,1.0,0.8017586,0.8899734
787,-5,-2,_18,1,1,0.972093,0.8583162,0.9116685
788,-5,-2,_18,100,0,1.0,0.9197896,0.9582192
789,-5,-2,_18,0.1,0,0.3296703,0.952381,0.4897959
790,-5,-2,_18,1,0,1.0,0.9232323,0.960084
791,-5,-2,_18,8,0,1.0,0.9353035,0.9665704
792,-5,-2,_20,100,1,0.9992151,0.8537894,0.9207957
793,-5,-2,_20,1,0,1.0,0.9272727,0.9622642
794,-5,-2,_20,0.1,1,0.2756757,0.85,0.4163265
795,-5,-2,_20,1,1,0.9652778,0.8562628,0.9075082
796,-5,-2,_20,100,0,1.0,0.921762,0.9592884
797,-5,-2,_20,8,0,1.0,0.936901,0.9674227
798,-5,-2,_20,8,1,1.0,0.8057554,0.8924303
799,-5,-2,_20,0.1,0,0.3278689,0.952381,0.4878049
800,-6,,,100,0,1.0,0.921762,0.9592884
801,-6,,,0.1,1,0.8095238,0.85,0.8292683
802,-6,,,0.1,0,0.8450704,0.952381,0.8955224
803,-6,,,100,1,0.9960723,0.8504359,0.9175109
804,-6,,,1,0,1.0,0.9232323,0.960084
805,-6,,,1,1,0.979021,0.862423,0.9170306
806,-6,,,8,0,1.0,0.936901,0.9674227
807,-6,,,8,1,0.9970646,0.8145484,0.8966124
808,-6,,_2,1,1,0.9812207,0.8583162,0.9156627
809,-6,,_2,100,0,1.0,0.9237344,0.9603554
810,-6,,_2,0.1,1,0.8360656,0.85,0.8429752
811,-6,,_2,100,1,0.9960692,0.8497653,0.9171191
812,-6,,_2,8,0,1.0,0.9353035,0.9665704
813,-6,,_2,8,1,1.0,0.8145484,0.8977974
814,-6,,_2,0.1,0,0.8333333,0.952381,0.8888889
815,-6,,_2,1,0,1.0,0.9232323,0.960084
816,-6,,_3,8,0,1.0,0.9353035,0.9665704
817,-6,,_3,0.1,1,0.8225806,0.85,0.8360656
818,-6,,_3,1,1,0.972093,0.8583162,0.9116685
819,-6,,_3,1,0,1.0,0.9232323,0.960084
820,-6,,_3,0.1,0,0.8823529,0.952381,0.9160305
821,-6,,_3,100,1,0.9937156,0.8484239,0.9153401
822,-6,,_3,100,0,1.0,0.921762,0.9592884
823,-6,,_3,8,1,1.0,0.8169464,0.8992521
824,-6,,_5,8,0,1.0,0.936901,0.9674227
825,-6,,_5,100,1,0.9945227,0.852448,0.9180209
826,-6,,_5,0.1,1,0.796875,0.85,0.8225806
827,-6,,_5,0.1,0,0.8450704,0.952381,0.8955224
828,-6,,_5,100,0,1.0,0.921762,0.9592884
829,-6,,_5,1,0,0.9978308,0.9292929,0.9623431
830,-6,,_5,1,1,0.9745958,0.8665298,0.9173913
831,-6,,_5,8,1,1.0,0.8105516,0.8953642
832,-6,,_7,1,1,0.979021,0.862423,0.9170306
833,-6,,_7,0.1,1,0.85,0.85,0.85
834,-6,,_7,100,0,1.0,0.921762,0.9592884
835,-6,,_7,8,1,0.995122,0.8153477,0.8963093
836,-6,,_7,8,0,1.0,0.936901,0.9674227
837,-6,,_7,0.1,0,0.8571429,0.952381,0.9022556
838,-6,,_7,100,1,0.9914397,0.8544601,0.9178674
839,-6,,_7,1,0,1.0,0.9191919,0.9578947
840,-6,,_9,8,1,0.9960976,0.8161471,0.897188
841,-6,,_9,0.1,0,0.8219178,0.952381,0.8823529
842,-6,,_9,1,0,1.0,0.9191919,0.9578947
843,-6,,_9,0.1,1,0.85,0.85,0.85
844,-6,,_9,100,1,0.9937107,0.8477532,0.9149475
845,-6,,_9,100,0,1.0,0.921762,0.9592884
846,-6,,_9,1,1,0.9698376,0.8583162,0.9106754
847,-6,,_9,8,0,1.0,0.936901,0.9674227
848,-6,,_11,0.1,0,0.8955224,0.952381,0.9230769
849,-6,,_11,1,0,1.0,0.9191919,0.9578947
850,-6,,_11,0.1,1,0.8360656,0.85,0.8429752
851,-6,,_11,8,1,1.0,0.8169464,0.8992521
852,-6,,_11,1,1,0.972028,0.8562628,0.9104803
853,-6,,_11,8,0,1.0,0.9384984,0.9682736
854,-6,,_11,100,0,1.0,0.921762,0.9592884
855,-6,,_11,100,1,0.9984152,0.8450704,0.9153651
856,-6,,_13,1,0,1.0,0.9232323,0.960084
857,-6,,_13,0.1,0,0.8571429,0.952381,0.9022556
858,-6,,_13,8,0,1.0,0.936901,0.9674227
859,-6,,_13,1,1,0.9789227,0.8583162,0.9146608
860,-6,,_13,100,1,0.9984412,0.8591549,0.9235761
861,-6,,_13,0.1,1,0.8225806,0.85,0.8360656
862,-6,,_13,8,1,1.0,0.8113509,0.8958517
863,-6,,_13,100,0,1.0,0.921762,0.9592884
864,-6,,_15,100,1,0.9945141,0.8511066,0.9172389
865,-6,,_15,1,0,1.0,0.9272727,0.9622642
866,-6,,_15,8,1,0.9970588,0.8129496,0.8956407
867,-6,,_15,8,0,1.0,0.9353035,0.9665704
868,-6,,_15,100,0,1.0,0.921762,0.9592884
869,-6,,_15,1,1,0.972028,0.8562628,0.9104803
870,-6,,_15,0.1,0,0.8571429,0.952381,0.9022556
871,-6,,_15,0.1,1,0.85,0.85,0.85
872,-6,,_17,1,0,1.0,0.9272727,0.9622642
873,-6,,_17,100,0,1.0,0.921762,0.9592884
874,-6,,_17,1,1,0.9835294,0.8583162,0.9166667
875,-6,,_17,8,0,1.0,0.9353035,0.9665704
876,-6,,_17,8,1,0.995155,0.8209432,0.8996934
877,-6,,_17,100,1,0.9953015,0.852448,0.9183526
878,-6,,_17,0.1,1,0.8225806,0.85,0.8360656
879,-6,,_17,0.1,0,0.8571429,0.952381,0.9022556
880,-6,,_19,0.1,1,0.8225806,0.85,0.8360656
881,-6,,_19,1,1,0.9765808,0.8562628,0.9124726
882,-6,,_19,100,1,0.9937743,0.8564722,0.9200288
883,-6,,_19,8,0,1.0,0.936901,0.9674227
884,-6,,_19,0.1,0,0.9090909,0.952381,0.9302326
885,-6,,_19,1,0,1.0,0.9232323,0.960084
886,-6,,_19,100,0,1.0,0.921762,0.9592884
887,-6,,_19,8,1,0.997076,0.8177458,0.8985507
888,-6,-2,_4,8,1,0.9990215,0.8161471,0.8983722
889,-6,-2,_4,100,1,0.9898596,0.8511066,0.9152542
890,-6,-2,_4,0.1,1,0.8360656,0.85,0.8429752
891,-6,-2,_4,1,1,0.9722222,0.862423,0.914037
892,-6,-2,_4,100,0,1.0,0.921762,0.9592884
893,-6,-2,_4,1,0,1.0,0.9191919,0.9578947
894,-6,-2,_4,8,0,1.0,0.936901,0.9674227
895,-6,-2,_4,0.1,0,0.8695652,0.952381,0.9090909
896,-6,-2,_6,0.1,0,0.8823529,0.952381,0.9160305
897,-6,-2,_6,0.1,1,0.8225806,0.85,0.8360656
898,-6,-2,_6,100,0,1.0,0.921762,0.9592884
899,-6,-2,_6,100,1,0.9968652,0.8531187,0.9194073
900,-6,-2,_6,1,1,0.9769053,0.8685832,0.9195652
901,-6,-2,_6,8,0,1.0,0.9384984,0.9682736
902,-6,-2,_6,8,1,0.9970501,0.8105516,0.8941799
903,-6,-2,_6,1,0,1.0,0.9232323,0.960084
904,-6,-2,_8,1,1,0.9699074,0.8603696,0.9118607
905,-6,-2,_8,1,0,1.0,0.9232323,0.960084
906,-6,-2,_8,100,0,1.0,0.921762,0.9592884
907,-6,-2,_8,8,1,1.0,0.8121503,0.8963388
908,-6,-2,_8,100,1,0.9952978,0.8517773,0.9179617
909,-6,-2,_8,8,0,1.0,0.9353035,0.9665704
910,-6,-2,_8,0.1,1,0.8360656,0.85,0.8429752
911,-6,-2,_8,0.1,0,0.8571429,0.952381,0.9022556
912,-6,-2,_10,8,1,0.9970414,0.8081535,0.8927152
913,-6,-2,_10,1,1,0.974359,0.8583162,0.9126638
914,-6,-2,_10,0.1,0,0.8450704,0.952381,0.8955224
915,-6,-2,_10,8,0,1.0,0.936901,0.9674227
916,-6,-2,_10,100,0,1.0,0.921762,0.9592884
917,-6,-2,_10,1,0,1.0,0.9272727,0.9622642
918,-6,-2,_10,100,1,0.9937888,0.8584842,0.9211947
919,-6,-2,_10,0.1,1,0.85,0.85,0.85
920,-6,-2,_12,0.1,1,0.8225806,0.85,0.8360656
921,-6,-2,_12,1,0,0.9978402,0.9333333,0.9645094
922,-6,-2,_12,1,1,0.972028,0.8562628,0.9104803
923,-6,-2,_12,8,0,1.0,0.936901,0.9674227
924,-6,-2,_12,100,0,1.0,0.921762,0.9592884
925,-6,-2,_12,0.1,0,0.8333333,0.952381,0.8888889
926,-6,-2,_12,8,1,1.0,0.8169464,0.8992521
927,-6,-2,_12,100,1,1.0,0.8645205,0.9273381
928,-6,-2,_14,8,1,0.9980601,0.822542,0.9018405
929,-6,-2,_14,100,0,1.0,0.921762,0.9592884
930,-6,-2,_14,0.1,0,0.8955224,0.952381,0.9230769
931,-6,-2,_14,0.1,1,0.85,0.85,0.85
932,-6,-2,_14,1,1,0.9652778,0.8562628,0.9075082
933,-6,-2,_14,8,0,1.0,0.9337061,0.9657166
934,-6,-2,_14,1,0,1.0,0.9232323,0.960084
935,-6,-2,_14,100,1,0.9976563,0.8564722,0.9216889
936,-6,-2,_16,0.1,1,0.8360656,0.85,0.8429752
937,-6,-2,_16,1,1,0.9696262,0.8521561,0.9071038
938,-6,-2,_16,0.1,0,0.8450704,0.952381,0.8955224
939,-6,-2,_16,8,1,0.9980431,0.8153477,0.8974923
940,-6,-2,_16,8,0,1.0,0.9384984,0.9682736
941,-6,-2,_16,1,0,1.0,0.9191919,0.9578947
942,-6,-2,_16,100,0,1.0,0.9230769,0.96
943,-6,-2,_16,100,1,0.994544,0.8558015,0.9199712
944,-6,-2,_18,0.1,1,0.8225806,0.85,0.8360656
945,-6,-2,_18,100,0,1.0,0.9178172,0.9571478
946,-6,-2,_18,8,1,1.0,0.8105516,0.8953642
947,-6,-2,_18,1,0,1.0,0.9232323,0.960084
948,-6,-2,_18,0.1,0,0.8450704,0.952381,0.8955224
949,-6,-2,_18,100,1,0.9945483,0.8564722,0.9203604
950,-6,-2,_18,8,0,1.0,0.9384984,0.9682736
951,-6,-2,_18,1,1,0.9652778,0.8562628,0.9075082
952,-6,-2,_20,1,1,0.9792148,0.8706366,0.9217391
953,-6,-2,_20,100,0,1.0,0.921762,0.9592884
954,-6,-2,_20,0.1,0,0.8695652,0.952381,0.9090909
955,-6,-2,_20,0.1,1,0.8644068,0.85,0.8571429
956,-6,-2,_20,8,1,0.9990225,0.8169464,0.8988566
957,-6,-2,_20,8,0,1.0,0.9353035,0.9665704
958,-6,-2,_20,100,1,0.9960907,0.8544601,0.9198556
959,-6,-2,_20,1,0,1.0,0.9272727,0.9622642
960,-7,,,1,0,1.0,0.9252525,0.9611752
961,-7,,,8,0,1.0,0.9353035,0.9665704
962,-7,,,1,1,0.9806295,0.8316222,0.9
963,-7,,,8,1,0.991911,0.7841727,0.8758929
964,-7,,,100,1,0.9935536,0.8269618,0.9026354
965,-7,,,0.1,1,0.9107143,0.85,0.8793103
966,-7,,,100,0,1.0,0.921762,0.9592884
967,-7,,,0.1,0,0.9677419,0.952381,0.96
968,-7,,_2,0.1,0,0.9836066,0.952381,0.9677419
969,-7,,_2,8,0,1.0,0.9376997,0.9678483
970,-7,,_2,8,1,0.9929221,0.784972,0.8767857
971,-7,,_2,0.1,1,0.9272727,0.85,0.8869565
972,-7,,_2,100,0,1.0,0.921762,0.9592884
973,-7,,_2,100,1,0.9943775,0.8303152,0.9049708
974,-7,,_2,1,1,0.9877751,0.8295688,0.9017857
975,-7,,_2,1,0,1.0,0.9191919,0.9578947
976,-7,,_4,1,1,0.9926471,0.8316222,0.9050279
977,-7,,_4,1,0,1.0,0.9191919,0.9578947
978,-7,,_4,100,0,1.0,0.921762,0.9592884
979,-7,,_4,0.1,1,0.9107143,0.85,0.8793103
980,-7,,_4,100,1,0.9919808,0.8296445,0.9035793
981,-7,,_4,0.1,0,0.9836066,0.952381,0.9677419
982,-7,,_4,8,0,1.0,0.9353035,0.9665704
983,-7,,_4,8,1,1.0,0.7833733,0.8785298
984,-7,,_6,8,0,1.0,0.936901,0.9674227
985,-7,,_6,0.1,1,0.9444444,0.85,0.8947368
986,-7,,_6,100,1,0.994373,0.8296445,0.9045704
987,-7,,_6,1,0,1.0,0.9191919,0.9578947
988,-7,,_6,8,1,0.9969697,0.7889688,0.8808568
989,-7,,_6,1,1,0.9927184,0.8398357,0.9098999
990,-7,,_6,100,0,1.0,0.921762,0.9592884
991,-7,,_6,0.1,0,1.0,0.952381,0.9756098
992,-7,,_8,1,1,0.9926471,0.8316222,0.9050279
993,-7,,_8,0.1,1,0.9272727,0.85,0.8869565
994,-7,,_8,100,1,0.994373,0.8296445,0.9045704
995,-7,,_8,0.1,0,0.9677419,0.952381,0.96
996,-7,,_8,100,0,1.0,0.921762,0.9592884
997,-7,,_8,8,1,0.9938838,0.7793765,0.8736559
998,-7,,_8,1,0,1.0,0.9191919,0.9578947
999,-7,,_8,8,0,1.0,0.9353035,0.9665704
1000,-7,,_10,0.1,1,0.9272727,0.85,0.8869565
1001,-7,,_10,0.1,0,0.9677419,0.952381,0.96
1002,-7,,_10,1,0,1.0,0.9232323,0.960084
1003,-7,,_10,8,1,0.9959267,0.7817746,0.8759516
1004,-7,,_10,1,1,0.9738095,0.8398357,0.9018743
1005,-7,,_10,8,0,1.0,0.9392971,0.9686985
1006,-7,,_10,100,1,0.9968102,0.8383635,0.9107468
1007,-7,,_10,100,0,1.0,0.921762,0.9592884
1008,-7,,_12,100,1,0.9951691,0.8289738,0.9045005
1009,-7,,_12,0.1,0,0.9836066,0.952381,0.9677419
1010,-7,,_12,0.1,1,0.9444444,0.85,0.8947368
1011,-7,,_12,8,0,1.0,0.9337061,0.9657166
1012,-7,,_12,1,1,0.9951574,0.8439425,0.9133333
1013,-7,,_12,8,1,0.9969388,0.7809752,0.8758404
1014,-7,,_12,100,0,1.0,0.921762,0.9592884
1015,-7,,_12,1,0,0.997807,0.9191919,0.9568875
1016,-7,,_14,0.1,1,0.9444444,0.85,0.8947368
1017,-7,,_14,8,0,1.0,0.9361022,0.9669967
1018,-7,,_14,8,1,1.0,0.7801759,0.8765155
1019,-7,,_14,100,0,1.0,0.921762,0.9592884
1020,-7,,_14,1,0,1.0,0.9191919,0.9578947
1021,-7,,_14,100,1,0.9927711,0.8289738,0.9035088
1022,-7,,_14,0.1,0,0.9677419,0.952381,0.96
1023,-7,,_14,1,1,0.9951456,0.8418891,0.9121246
1024,-7,,_16,1,1,0.9926829,0.835729,0.9074693
1025,-7,,_16,8,1,0.9969512,0.7841727,0.8778523
1026,-7,,_16,8,0,1.0,0.936901,0.9674227
1027,-7,,_16,0.1,0,0.9836066,0.952381,0.9677419
1028,-7,,_16,100,0,1.0,0.921762,0.9592884
1029,-7,,_16,1,0,1.0,0.9191919,0.9578947
1030,-7,,_16,100,1,0.9967923,0.8336687,0.907962
1031,-7,,_16,0.1,1,0.9259259,0.8333333,0.877193
1032,-7,,_18,8,1,0.989899,0.7833733,0.8746095
1033,-7,,_18,1,1,0.9760192,0.835729,0.9004425
1034,-7,,_18,100,0,1.0,0.921762,0.9592884
1035,-7,,_18,0.1,1,0.9272727,0.85,0.8869565
1036,-7,,_18,8,0,1.0,0.936901,0.9674227
1037,-7,,_18,1,0,1.0,0.9171717,0.9567966
1038,-7,,_18,100,1,0.9967742,0.8289738,0.9051629
1039,-7,,_18,0.1,0,0.9677419,0.952381,0.96
1040,-7,,_20,100,1,0.9927769,0.8296445,0.9039094
1041,-7,,_20,8,1,0.9959432,0.784972,0.8779616
1042,-7,,_20,0.1,1,0.9272727,0.85,0.8869565
1043,-7,,_20,1,1,0.9926471,0.8316222,0.9050279
1044,-7,,_20,0.1,0,0.9836066,0.952381,0.9677419
1045,-7,,_20,100,0,1.0,0.921762,0.9592884
1046,-7,,_20,8,0,1.0,0.9353035,0.9665704
1047,-7,,_20,1,0,1.0,0.9191919,0.9578947
1048,-7,-2,_3,0.1,1,0.9272727,0.85,0.8869565
1049,-7,-2,_3,100,0,1.0,0.921762,0.9592884
1050,-7,-2,_3,1,1,0.9926471,0.8316222,0.9050279
1051,-7,-2,_3,8,0,1.0,0.9353035,0.9665704
1052,-7,-2,_3,0.1,0,0.9836066,0.952381,0.9677419
1053,-7,-2,_3,8,1,0.9939086,0.7825739,0.8756708
1054,-7,-2,_3,100,1,0.993538,0.8249497,0.9014291
1055,-7,-2,_3,1,0,1.0,0.9191919,0.9578947
1056,-7,-2,_5,100,0,1.0,0.921762,0.9592884
1057,-7,-2,_5,1,0,1.0,0.9191919,0.9578947
1058,-7,-2,_5,8,0,1.0,0.9337061,0.9657166
1059,-7,-2,_5,100,1,0.9920382,0.8356808,0.9071715
1060,-7,-2,_5,1,1,0.9951574,0.8439425,0.9133333
1061,-7,-2,_5,0.1,1,0.9272727,0.85,0.8869565
1062,-7,-2,_5,0.1,0,0.9677419,0.952381,0.96
1063,-7,-2,_5,8,1,0.9989806,0.7833733,0.8781362
1064,-7,-2,_7,8,1,1.0,0.7857714,0.8800358
1065,-7,-2,_7,1,0,1.0,0.9191919,0.9578947
1066,-7,-2,_7,1,1,0.992629,0.8295688,0.9038031
1067,-7,-2,_7,8,0,1.0,0.9337061,0.9657166
1068,-7,-2,_7,100,1,0.9951574,0.8269618,0.9032967
1069,-7,-2,_7,100,0,1.0,0.921762,0.9592884
1070,-7,-2,_7,0.1,0,0.9836066,0.952381,0.9677419
1071,-7,-2,_7,0.1,1,0.9444444,0.85,0.8947368
1072,-7,-2,_9,8,1,1.0,0.7793765,0.8760108
1073,-7,-2,_9,8,0,1.0,0.936901,0.9674227
1074,-7,-2,_9,1,1,0.9925743,0.8234086,0.9001122
1075,-7,-2,_9,1,0,1.0,0.9191919,0.9578947
1076,-7,-2,_9,100,1,0.9951535,0.8262911,0.9028948
1077,-7,-2,_9,0.1,0,0.9677419,0.952381,0.96
1078,-7,-2,_9,100,0,1.0,0.921762,0.9592884
1079,-7,-2,_9,0.1,1,0.9107143,0.85,0.8793103
1080,-7,-2,_11,8,1,0.9969543,0.784972,0.8783542
1081,-7,-2,_11,1,1,0.992665,0.8336756,0.90625
1082,-7,-2,_11,0.1,0,0.9836066,0.952381,0.9677419
1083,-7,-2,_11,1,0,1.0,0.9232323,0.960084
1084,-7,-2,_11,100,0,1.0,0.921762,0.9592884
1085,-7,-2,_11,100,1,0.9943457,0.8256204,0.902162
1086,-7,-2,_11,0.1,1,0.9444444,0.85,0.8947368
1087,-7,-2,_11,8,0,1.0,0.936901,0.9674227
1088,-7,-2,_13,0.1,1,0.9272727,0.85,0.8869565
1089,-7,-2,_13,1,0,1.0,0.9191919,0.9578947
1090,-7,-2,_13,100,1,0.996769,0.8276325,0.9043606
1091,-7,-2,_13,8,1,0.9928862,0.7809752,0.8742729
1092,-7,-2,_13,0.1,0,0.9677419,0.952381,0.96
1093,-7,-2,_13,8,0,1.0,0.9353035,0.9665704
1094,-7,-2,_13,100,0,1.0,0.921762,0.9592884
1095,-7,-2,_13,1,1,0.9902913,0.8377823,0.9076752
1096,-7,-2,_15,8,1,0.9898374,0.7785771,0.8715884
1097,-7,-2,_15,0.1,0,0.9836066,0.952381,0.9677419
1098,-7,-2,_15,100,1,0.9967768,0.8296445,0.9055637
1099,-7,-2,_15,1,1,0.9926471,0.8316222,0.9050279
1100,-7,-2,_15,100,0,1.0,0.921762,0.9592884
1101,-7,-2,_15,8,0,1.0,0.9353035,0.9665704
1102,-7,-2,_15,1,0,1.0,0.9191919,0.9578947
1103,-7,-2,_15,0.1,1,0.9272727,0.85,0.8869565
1104,-7,-2,_17,0.1,0,0.9836066,0.952381,0.9677419
1105,-7,-2,_17,100,0,1.0,0.9230769,0.96
1106,-7,-2,_17,1,1,0.9832134,0.8418891,0.9070796
1107,-7,-2,_17,0.1,1,0.9272727,0.85,0.8869565
1108,-7,-2,_17,1,0,1.0,0.9191919,0.9578947
1109,-7,-2,_17,100,1,0.996769,0.8276325,0.9043606
1110,-7,-2,_17,8,1,1.0,0.7857714,0.8800358
1111,-7,-2,_17,8,0,1.0,0.9353035,0.9665704
1112,-7,-2,_19,0.1,0,0.9836066,0.952381,0.9677419
1113,-7,-2,_19,0.1,1,0.9272727,0.85,0.8869565
1114,-7,-2,_19,8,1,0.9969168,0.7753797,0.8723022
1115,-7,-2,_19,1,1,0.9904762,0.8542094,0.9173098
1116,-7,-2,_19,100,0,1.0,0.921762,0.9592884
1117,-7,-2,_19,1,0,1.0,0.9232323,0.960084
1118,-7,-2,_19,100,1,1.0,0.8343394,0.9096892
1119,-7,-2,_19,8,0,1.0,0.936901,0.9674227
1120,-8,,,0.1,1,0.265625,0.85,0.4047619
1121,-8,,,100,0,1.0,0.921762,0.9592884
1122,-8,,,1,1,0.9738717,0.8418891,0.9030837
1123,-8,,,100,1,1.0,0.8229376,0.9028698
1124,-8,,,8,1,1.0,0.7801759,0.8765155
1125,-8,,,1,0,1.0,0.9191919,0.9578947
1126,-8,,,8,0,1.0,0.936901,0.9674227
1127,-8,,,0.1,0,0.2912621,0.952381,0.4460967
1128,-8,,_2,100,1,1.0,0.8256204,0.904482
1129,-8,,_2,1,0,1.0,0.9191919,0.9578947
1130,-8,,_2,0.1,0,0.3030303,0.952381,0.4597701
1131,-8,,_2,0.1,1,0.2771739,0.85,0.4180328
1132,-8,,_2,100,0,1.0,0.921762,0.9592884
1133,-8,,_2,1,1,0.9785714,0.8439425,0.9062845
1134,-8,,_2,8,1,0.9969419,0.7817746,0.8763441
1135,-8,,_2,8,0,1.0,0.9337061,0.9657166
1136,-8,,_4,0.1,1,0.255,0.85,0.3923077
1137,-8,,_4,100,1,1.0,0.8249497,0.9040794
1138,-8,,_4,8,0,1.0,0.9353035,0.9665704
1139,-8,,_4,0.1,0,0.2970297,0.952381,0.4528302
1140,-8,,_4,8,1,1.0,0.7801759,0.8765155
1141,-8,,_4,1,1,0.9831731,0.8398357,0.9058693
1142,-8,,_4,100,0,1.0,0.921762,0.9592884
1143,-8,,_4,1,0,0.9978214,0.9252525,0.9601677
1144,-8,,_6,1,0,1.0,0.9191919,0.9578947
1145,-8,,_6,1,1,0.9855422,0.8398357,0.9068736
1146,-8,,_6,8,0,1.0,0.936901,0.9674227
1147,-8,,_6,100,1,1.0,0.8323273,0.9084919
1148,-8,,_6,100,0,1.0,0.921762,0.9592884
1149,-8,,_6,8,1,1.0,0.7865707,0.8805369
1150,-8,,_6,0.1,1,0.255,0.85,0.3923077
1151,-8,,_6,0.1,0,0.3092784,0.952381,0.4669261
1152,-8,,_8,0.1,0,0.3157895,0.952381,0.4743083
1153,-8,,_8,0.1,1,0.2562814,0.85,0.3938224
1154,-8,,_8,8,0,1.0,0.9353035,0.9665704
1155,-8,,_8,1,1,0.9809976,0.8480493,0.9096916
1156,-8,,_8,1,0,1.0,0.9191919,0.9578947
1157,-8,,_8,100,0,1.0,0.9197896,0.9582192
1158,-8,,_8,100,1,1.0,0.8222669,0.902466
1159,-8,,_8,8,1,1.0,0.7785771,0.8755056
1160,-8,,_10,8,0,1.0,0.9353035,0.9665704
1161,-8,,_10,100,1,1.0,0.8350101,0.9100877
1162,-8,,_10,1,1,0.9854369,0.8336756,0.9032258
1163,-8,,_10,0.1,0,0.2955665,0.952381,0.4511278
1164,-8,,_10,8,1,1.0,0.7793765,0.8760108
1165,-8,,_10,100,0,1.0,0.921762,0.9592884
1166,-8,,_10,0.1,1,0.2628866,0.85,0.4015748
1167,-8,,_10,1,0,0.997807,0.9191919,0.9568875
1168,-8,,_12,1,1,0.9694118,0.8459959,0.9035088
1169,-8,,_12,0.1,1,0.2684211,0.85,0.408
1170,-8,,_12,100,1,1.0,0.8296445,0.9068915
1171,-8,,_12,100,0,1.0,0.921762,0.9592884
1172,-8,,_12,8,1,0.9969388,0.7809752,0.8758404
1173,-8,,_12,0.1,0,0.3061224,0.952381,0.4633205
1174,-8,,_12,8,0,1.0,0.9353035,0.9665704
1175,-8,,_12,1,0,1.0,0.9292929,0.9633508
1176,-8,,_14,100,1,1.0,0.832998,0.9088913
1177,-8,,_14,0.1,0,0.3015075,0.952381,0.4580153
1178,-8,,_14,8,0,1.0,0.9337061,0.9657166
1179,-8,,_14,8,1,1.0,0.7793765,0.8760108
1180,-8,,_14,1,0,0.9978214,0.9252525,0.9601677
1181,-8,,_14,1,1,0.9856115,0.8439425,0.909292
1182,-8,,_14,0.1,1,0.2727273,0.85,0.4129555
1183,-8,,_14,100,0,1.0,0.921762,0.9592884
1184,-8,,_16,1,1,0.9784689,0.8398357,0.9038674
1185,-8,,_16,100,1,0.997561,0.8229376,0.9018743
1186,-8,,_16,0.1,0,0.3157895,0.952381,0.4743083
1187,-8,,_16,0.1,1,0.2602041,0.85,0.3984375
1188,-8,,_16,1,0,1.0,0.9191919,0.9578947
1189,-8,,_16,100,0,1.0,0.921762,0.9592884
1190,-8,,_16,8,0,1.0,0.9392971,0.9686985
1191,-8,,_16,8,1,0.9969388,0.7809752,0.8758404
1192,-8,,_18,8,0,1.0,0.9353035,0.9665704
1193,-8,,_18,1,1,0.9739953,0.8459959,0.9054945
1194,-8,,_18,8,1,1.0,0.7793765,0.8760108
1195,-8,,_18,0.1,0,0.3141361,0.952381,0.4724409
1196,-8,,_18,1,0,0.9956427,0.9232323,0.9580713
1197,-8,,_18,100,1,1.0,0.8289738,0.9064906
1198,-8,,_18,0.1,1,0.2727273,0.85,0.4129555
1199,-8,,_18,100,0,1.0,0.921762,0.9592884
1200,-8,,_20,100,0,1.0,0.9230769,0.96
1201,-8,,_20,1,0,1.0,0.9191919,0.9578947
1202,-8,,_20,0.1,0,0.3157895,0.952381,0.4743083
1203,-8,,_20,100,1,1.0,0.8269618,0.9052863
1204,-8,,_20,1,1,0.9783654,0.835729,0.9014396
1205,-8,,_20,8,1,1.0,0.7825739,0.8780269
1206,-8,,_20,8,0,1.0,0.9361022,0.9669967
1207,-8,,_20,0.1,1,0.2756757,0.85,0.4163265
1208,-8,-2,_3,8,0,1.0,0.9337061,0.9657166
1209,-8,-2,_3,100,1,1.0,0.8222669,0.902466
1210,-8,-2,_3,100,0,1.0,0.9230769,0.96
1211,-8,-2,_3,0.1,0,0.3108808,0.952381,0.46875
1212,-8,-2,_3,1,1,0.9781553,0.8275154,0.8965517
1213,-8,-2,_3,8,1,1.0,0.7809752,0.8770197
1214,-8,-2,_3,1,0,1.0,0.9191919,0.9578947
1215,-8,-2,_3,0.1,1,0.2684211,0.85,0.408
1216,-8,-2,_5,8,0,1.0,0.9337061,0.9657166
1217,-8,-2,_5,100,1,1.0,0.8303152,0.907292
1218,-8,-2,_5,0.1,0,0.3108808,0.952381,0.46875
1219,-8,-2,_5,1,0,0.9956236,0.9191919,0.9558824
1220,-8,-2,_5,100,0,1.0,0.9237344,0.9603554
1221,-8,-2,_5,8,1,1.0,0.7841727,0.8790323
1222,-8,-2,_5,1,1,0.9760192,0.835729,0.9004425
1223,-8,-2,_5,0.1,1,0.2628866,0.85,0.4015748
1224,-8,-2,_7,100,1,1.0,0.8202549,0.9012528
1225,-8,-2,_7,8,0,1.0,0.9361022,0.9669967
1226,-8,-2,_7,0.1,0,0.3061224,0.952381,0.4633205
1227,-8,-2,_7,100,0,1.0,0.9237344,0.9603554
1228,-8,-2,_7,8,1,1.0,0.7801759,0.8765155
1229,-8,-2,_7,0.1,1,0.2524752,0.85,0.389313
1230,-8,-2,_7,1,0,1.0,0.9191919,0.9578947
1231,-8,-2,_7,1,1,0.9806295,0.8316222,0.9
1232,-8,-2,_9,100,0,1.0,0.921762,0.9592884
1233,-8,-2,_9,0.1,1,0.2698413,0.85,0.4096386
1234,-8,-2,_9,0.1,0,0.3,0.952381,0.4562738
1235,-8,-2,_9,1,1,0.964455,0.835729,0.8954895
1236,-8,-2,_9,1,0,1.0,0.9232323,0.960084
1237,-8,-2,_9,100,1,1.0,0.8309859,0.9076923
1238,-8,-2,_9,8,1,1.0,0.7801759,0.8765155
1239,-8,-2,_9,8,0,1.0,0.936901,0.9674227
1240,-8,-2,_11,1,0,1.0,0.9191919,0.9578947
1241,-8,-2,_11,0.1,0,0.2955665,0.952381,0.4511278
1242,-8,-2,_11,8,0,1.0,0.9353035,0.9665704
1243,-8,-2,_11,100,0,1.0,0.921762,0.9592884
1244,-8,-2,_11,100,1,1.0,0.8236083,0.9032733
1245,-8,-2,_11,1,1,0.976247,0.8439425,0.9052863
1246,-8,-2,_11,0.1,1,0.2670157,0.85,0.4063745
1247,-8,-2,_11,8,1,1.0,0.7833733,0.8785298
1248,-8,-2,_13,100,1,0.999189,0.8262911,0.9045521
1249,-8,-2,_13,8,0,1.0,0.9353035,0.9665704
1250,-8,-2,_13,0.1,0,0.3030303,0.952381,0.4597701
1251,-8,-2,_13,1,0,1.0,0.9252525,0.9611752
1252,-8,-2,_13,100,0,1.0,0.9230769,0.96
1253,-8,-2,_13,0.1,1,0.265625,0.85,0.4047619
1254,-8,-2,_13,1,1,0.9761337,0.8398357,0.9028698
1255,-8,-2,_13,8,1,0.9969294,0.7785771,0.8743268
1256,-8,-2,_15,100,0,1.0,0.9230769,0.96
1257,-8,-2,_15,1,1,0.9765258,0.8542094,0.9112815
1258,-8,-2,_15,0.1,1,0.2642487,0.85,0.4031621
1259,-8,-2,_15,8,1,0.9989765,0.7801759,0.8761221
1260,-8,-2,_15,100,1,1.0,0.8276325,0.9056881
1261,-8,-2,_15,0.1,0,0.3141361,0.952381,0.4724409
1262,-8,-2,_15,1,0,1.0,0.9292929,0.9633508
1263,-8,-2,_15,8,0,1.0,0.9376997,0.9678483
1264,-8,-2,_17,100,0,1.0,0.921762,0.9592884
1265,-8,-2,_17,100,1,1.0,0.8283032,0.9060895
1266,-8,-2,_17,1,0,1.0,0.9191919,0.9578947
1267,-8,-2,_17,0.1,0,0.3015075,0.952381,0.4580153
1268,-8,-2,_17,8,1,0.9989919,0.7921663,0.883638
1269,-8,-2,_17,8,0,1.0,0.9384984,0.9682736
1270,-8,-2,_17,0.1,1,0.2642487,0.85,0.4031621
1271,-8,-2,_17,1,1,0.9830508,0.8336756,0.9022222
1272,-8,-2,_19,8,0,1.0,0.9353035,0.9665704
1273,-8,-2,_19,0.1,0,0.3108808,0.952381,0.46875
1274,-8,-2,_19,100,1,1.0,0.8309859,0.9076923
1275,-8,-2,_19,8,1,1.0,0.7841727,0.8790323
1276,-8,-2,_19,1,0,1.0,0.9191919,0.9578947
1277,-8,-2,_19,0.1,1,0.2512315,0.85,0.3878327
1278,-8,-2,_19,1,1,0.9877451,0.8275154,0.9005587
1279,-8,-2,_19,100,0,1.0,0.921762,0.9592884
1280,-9,,,0.1,0,0.9677419,0.952381,0.96
1281,-9,,,8,1,0.9958848,0.773781,0.8708952
1282,-9,,,100,0,1.0,0.921762,0.9592884
1283,-9,,,1,0,1.0,0.9191919,0.9578947
1284,-9,,,1,1,0.9878641,0.835729,0.9054505
1285,-9,,,8,0,1.0,0.9353035,0.9665704
1286,-9,,,0.1,1,0.877193,0.8333333,0.8547009
1287,-9,,,100,1,0.9975845,0.8309859,0.9066959
1288,-9,,_2,8,0,1.0,0.9384984,0.9682736
1289,-9,,_2,100,1,1.0,0.8249497,0.9040794
1290,-9,,_2,1,0,1.0,0.9191919,0.9578947
1291,-9,,_2,0.1,0,0.9677419,0.952381,0.96
1292,-9,,_2,8,1,0.9969849,0.7929656,0.8833482
1293,-9,,_2,1,1,0.992665,0.8336756,0.90625
1294,-9,,_2,0.1,1,0.9107143,0.85,0.8793103
1295,-9,,_2,100,0,1.0,0.921762,0.9592884
1296,-9,,_4,100,1,0.9903382,0.8249497,0.9001098
1297,-9,,_4,100,0,1.0,0.921762,0.9592884
1298,-9,,_4,8,0,1.0,0.9353035,0.9665704
1299,-9,,_4,1,0,1.0,0.9232323,0.960084
1300,-9,,_4,8,1,0.996991,0.7945643,0.8843416
1301,-9,,_4,0.1,0,0.9677419,0.952381,0.96
1302,-9,,_4,0.1,1,0.9272727,0.85,0.8869565
1303,-9,,_4,1,1,0.9856115,0.8439425,0.909292
1304,-9,,_6,8,1,0.9909274,0.7857714,0.8765047
1305,-9,,_6,100,0,1.0,0.921762,0.9592884
1306,-9,,_6,8,0,1.0,0.9376997,0.9678483
1307,-9,,_6,1,0,1.0,0.9191919,0.9578947
1308,-9,,_6,0.1,1,0.9272727,0.85,0.8869565
1309,-9,,_6,0.1,0,0.9677419,0.952381,0.96
1310,-9,,_6,100,1,0.9983962,0.8350101,0.9094229
1311,-9,,_6,1,1,0.9926829,0.835729,0.9074693
1312,-9,,_8,1,1,0.9926471,0.8316222,0.9050279
1313,-9,,_8,0.1,0,0.9677419,0.952381,0.96
1314,-9,,_8,8,0,1.0,0.9376997,0.9678483
1315,-9,,_8,100,0,1.0,0.921762,0.9592884
1316,-9,,_8,0.1,1,0.8644068,0.85,0.8571429
1317,-9,,_8,100,1,0.9935536,0.8269618,0.9026354
1318,-9,,_8,8,1,0.996988,0.793765,0.8838451
1319,-9,,_8,1,0,1.0,0.9191919,0.9578947
1320,-9,,_10,8,0,1.0,0.9361022,0.9669967
1321,-9,,_10,100,0,1.0,0.921762,0.9592884
1322,-9,,_10,0.1,0,0.9836066,0.952381,0.9677419
1323,-9,,_10,1,1,0.9903846,0.8459959,0.9125138
1324,-9,,_10,0.1,1,0.8947368,0.85,0.8717949
1325,-9,,_10,100,1,0.9935484,0.8262911,0.9022336
1326,-9,,_10,1,0,1.0,0.9191919,0.9578947
1327,-9,,_10,8,1,1.0,0.7889688,0.8820375
1328,-9,,_12,100,1,0.9959775,0.8303152,0.9056328
1329,-9,,_12,100,0,1.0,0.921762,0.9592884
1330,-9,,_12,8,0,1.0,0.9361022,0.9669967
1331,-9,,_12,1,1,0.9784173,0.8377823,0.9026549
1332,-9,,_12,0.1,1,0.9107143,0.85,0.8793103
1333,-9,,_12,0.1,0,0.9677419,0.952381,0.96
1334,-9,,_12,8,1,0.9979737,0.7873701,0.8802502
1335,-9,,_12,1,0,0.997807,0.9191919,0.9568875
1336,-9,,_14,100,0,1.0,0.921762,0.9592884
1337,-9,,_14,1,1,0.9878935,0.8377823,0.9066667
1338,-9,,_14,8,0,1.0,0.936901,0.9674227
1339,-9,,_14,100,1,0.9935743,0.8296445,0.9042398
1340,-9,,_14,0.1,1,0.8947368,0.85,0.8717949
1341,-9,,_14,8,1,0.989858,0.7801759,0.8725972
1342,-9,,_14,1,0,1.0,0.9191919,0.9578947
1343,-9,,_14,0.1,0,0.9836066,0.952381,0.9677419
1344,-9,,_16,8,1,0.994,0.7945643,0.883163
1345,-9,,_16,0.1,0,0.9677419,0.952381,0.96
1346,-9,,_16,1,1,0.9783133,0.8336756,0.9002217
1347,-9,,_16,0.1,1,0.9107143,0.85,0.8793103
1348,-9,,_16,100,1,0.9959872,0.8323273,0.9068323
1349,-9,,_16,100,0,1.0,0.921762,0.9592884
1350,-9,,_16,8,0,1.0,0.9353035,0.9665704
1351,-9,,_16,1,0,1.0,0.9191919,0.9578947
1352,-9,,_18,8,0,1.0,0.9392971,0.9686985
1353,-9,,_18,0.1,1,0.8947368,0.85,0.8717949
1354,-9,,_18,1,1,0.9877451,0.8275154,0.9005587
1355,-9,,_18,100,1,0.9976134,0.8410463,0.9126638
1356,-9,,_18,1,0,1.0,0.9191919,0.9578947
1357,-9,,_18,8,1,0.9918946,0.7825739,0.8748883
1358,-9,,_18,0.1,0,0.9677419,0.952381,0.96
1359,-9,,_18,100,0,1.0,0.921762,0.9592884
1360,-9,,_20,8,0,1.0,0.9361022,0.9669967
1361,-9,,_20,0.1,0,0.9836066,0.952381,0.9677419
1362,-9,,_20,100,0,1.0,0.921762,0.9592884
1363,-9,,_20,0.1,1,0.9107143,0.85,0.8793103
1364,-9,,_20,1,1,0.9856115,0.8439425,0.909292
1365,-9,,_20,1,0,1.0,0.9232323,0.960084
1366,-9,,_20,100,1,0.9983779,0.8256204,0.9038179
1367,-9,,_20,8,1,0.9939394,0.7865707,0.8781794
1368,-9,-2,_3,0.1,1,0.9272727,0.85,0.8869565
1369,-9,-2,_3,1,1,0.9951456,0.8418891,0.9121246
1370,-9,-2,_3,1,0,1.0,0.9232323,0.960084
1371,-9,-2,_3,100,1,0.9919872,0.8303152,0.9039796
1372,-9,-2,_3,100,0,1.0,0.921762,0.9592884
1373,-9,-2,_3,8,0,1.0,0.9384984,0.9682736
1374,-9,-2,_3,8,1,0.9969419,0.7817746,0.8763441
1375,-9,-2,_3,0.1,0,0.9836066,0.952381,0.9677419
1376,-9,-2,_5,8,1,0.993921,0.7841727,0.8766756
1377,-9,-2,_5,1,0,1.0,0.9191919,0.9578947
1378,-9,-2,_5,0.1,0,0.9836066,0.952381,0.9677419
1379,-9,-2,_5,0.1,1,0.9107143,0.85,0.8793103
1380,-9,-2,_5,100,1,0.9951807,0.8309859,0.9057018
1381,-9,-2,_5,1,1,0.9784173,0.8377823,0.9026549
1382,-9,-2,_5,100,0,1.0,0.921762,0.9592884
1383,-9,-2,_5,8,0,1.0,0.9353035,0.9665704
1384,-9,-2,_7,100,0,1.0,0.921762,0.9592884
1385,-9,-2,_7,0.1,0,0.9677419,0.952381,0.96
1386,-9,-2,_7,8,1,0.9939759,0.7913669,0.8811749
1387,-9,-2,_7,1,1,0.9856115,0.8439425,0.909292
1388,-9,-2,_7,8,0,1.0,0.936901,0.9674227
1389,-9,-2,_7,0.1,1,0.8947368,0.85,0.8717949
1390,-9,-2,_7,100,1,0.9911504,0.8262911,0.9012436
1391,-9,-2,_7,1,0,1.0,0.9191919,0.9578947
1392,-9,-2,_9,8,1,0.9949187,0.7825739,0.8760626
1393,-9,-2,_9,100,1,0.9927536,0.8269618,0.9023052
1394,-9,-2,_9,0.1,1,0.8947368,0.85,0.8717949
1395,-9,-2,_9,0.1,0,0.9677419,0.952381,0.96
1396,-9,-2,_9,100,0,1.0,0.921762,0.9592884
1397,-9,-2,_9,8,0,1.0,0.9376997,0.9678483
1398,-9,-2,_9,1,0,1.0,0.9191919,0.9578947
1399,-9,-2,_9,1,1,0.9786223,0.8459959,0.907489
1400,-9,-2,_11,8,0,1.0,0.9353035,0.9665704
1401,-9,-2,_11,1,1,0.9831325,0.8377823,0.9046563
1402,-9,-2,_11,100,0,1.0,0.921762,0.9592884
1403,-9,-2,_11,100,1,0.9959645,0.8276325,0.9040293
1404,-9,-2,_11,0.1,1,0.8947368,0.85,0.8717949
1405,-9,-2,_11,0.1,0,0.952381,0.952381,0.952381
1406,-9,-2,_11,8,1,1.0,0.7889688,0.8820375
1407,-9,-2,_11,1,0,1.0,0.9191919,0.9578947
1408,-9,-2,_13,0.1,0,0.9836066,0.952381,0.9677419
1409,-9,-2,_13,1,1,0.9903382,0.8418891,0.9100999
1410,-9,-2,_13,100,1,0.9975981,0.8356808,0.9094891
1411,-9,-2,_13,100,0,1.0,0.921762,0.9592884
1412,-9,-2,_13,8,1,0.9879397,0.7857714,0.8753339
1413,-9,-2,_13,8,0,1.0,0.9353035,0.9665704
1414,-9,-2,_13,1,0,1.0,0.9191919,0.9578947
1415,-9,-2,_13,0.1,1,0.8644068,0.85,0.8571429
1416,-9,-2,_15,100,0,1.0,0.921762,0.9592884
1417,-9,-2,_15,1,0,1.0,0.9252525,0.9611752
1418,-9,-2,_15,8,1,0.9888889,0.7825739,0.8737171
1419,-9,-2,_15,8,0,1.0,0.936901,0.9674227
1420,-9,-2,_15,100,1,0.9919614,0.8276325,0.9023766
1421,-9,-2,_15,1,1,0.9878049,0.8316222,0.90301
1422,-9,-2,_15,0.1,0,0.9677419,0.952381,0.96
1423,-9,-2,_15,0.1,1,0.8947368,0.85,0.8717949
1424,-9,-2,_17,0.1,0,0.9836066,0.952381,0.9677419
1425,-9,-2,_17,1,1,0.9832936,0.8459959,0.9094923
1426,-9,-2,_17,8,1,0.9969605,0.7865707,0.8793566
1427,-9,-2,_17,100,0,1.0,0.921762,0.9592884
1428,-9,-2,_17,1,0,1.0,0.9252525,0.9611752
1429,-9,-2,_17,100,1,0.9960032,0.8356808,0.9088257
1430,-9,-2,_17,8,0,1.0,0.9392971,0.9686985
1431,-9,-2,_17,0.1,1,0.8928571,0.8333333,0.862069
1432,-9,-2,_19,1,1,0.9856802,0.8480493,0.9116998
1433,-9,-2,_19,0.1,0,0.9836066,0.952381,0.9677419
1434,-9,-2,_19,0.1,1,0.9107143,0.85,0.8793103
1435,-9,-2,_19,100,0,1.0,0.921762,0.9592884
1436,-9,-2,_19,8,1,0.9969819,0.7921663,0.8828508
1437,-9,-2,_19,1,0,1.0,0.9191919,0.9578947
1438,-9,-2,_19,100,1,0.9959968,0.8343394,0.9080292
1439,-9,-2,_19,8,0,1.0,0.9353035,0.9665704
1440,-10,,,100,1,0.997539,0.81556,0.897417
1441,-10,,,8,1,0.9969104,0.773781,0.8712871
1442,-10,,,100,0,1.0,0.921762,0.9592884
1443,-10,,,1,0,1.0,0.9191919,0.9578947
1444,-10,,,0.1,1,1.0,0.75,0.8571429
1445,-10,,,0.1,0,0.9677419,0.952381,0.96
1446,-10,,,8,0,1.0,0.9353035,0.9665704
1447,-10,,,1,1,0.9846154,0.788501,0.8757127
1448,-10,,_2,100,1,0.997545,0.8175721,0.8986362
1449,-10,,_2,8,1,1.0,0.7609912,0.864276
1450,-10,,_2,0.1,1,1.0,0.8333333,0.9090909
1451,-10,,_2,8,0,1.0,0.936901,0.9674227
1452,-10,,_2,1,0,1.0,0.9292929,0.9633508
1453,-10,,_2,0.1,0,0.9836066,0.952381,0.9677419
1454,-10,,_2,1,1,0.9948849,0.798768,0.8861048
1455,-10,,_2,100,0,1.0,0.9230769,0.96
1456,-10,,_4,1,0,1.0,0.9232323,0.960084
1457,-10,,_4,0.1,0,0.9677419,0.952381,0.96
1458,-10,,_4,8,0,1.0,0.9337061,0.9657166
1459,-10,,_4,1,1,0.9949875,0.8151951,0.8961625
1460,-10,,_4,100,0,1.0,0.9230769,0.96
1461,-10,,_4,0.1,1,1.0,0.7666667,0.8679245
1462,-10,,_4,8,1,1.0,0.7761791,0.8739874
1463,-10,,_4,100,1,1.0,0.8236083,0.9032733
1464,-10,,_6,8,1,1.0,0.7617906,0.8647913
1465,-10,,_6,0.1,1,1.0,0.8,0.8888889
1466,-10,,_6,100,0,1.0,0.921762,0.9592884
1467,-10,,_6,8,0,1.0,0.9361022,0.9669967
1468,-10,,_6,100,1,1.0,0.8182428,0.9000369
1469,-10,,_6,0.1,0,0.9836066,0.952381,0.9677419
1470,-10,,_6,1,1,0.9897172,0.7905544,0.8789954
1471,-10,,_6,1,0,1.0,0.9191919,0.9578947
1472,-10,,_8,100,0,1.0,0.9230769,0.96
1473,-10,,_8,1,0,1.0,0.9191919,0.9578947
1474,-10,,_8,0.1,0,0.9836066,0.952381,0.9677419
1475,-10,,_8,1,1,0.9897436,0.7926078,0.8802737
1476,-10,,_8,0.1,1,1.0,0.7666667,0.8679245
1477,-10,,_8,8,0,1.0,0.9400958,0.9691231
1478,-10,,_8,8,1,1.0,0.7689848,0.869408
1479,-10,,_8,100,1,1.0,0.8175721,0.899631
1480,-10,,_10,100,0,1.0,0.921762,0.9592884
1481,-10,,_10,0.1,0,0.9677419,0.952381,0.96
1482,-10,,_10,8,1,1.0,0.7689848,0.869408
1483,-10,,_10,0.1,1,1.0,0.7333333,0.8461538
1484,-10,,_10,100,1,1.0,0.8169014,0.8992248
1485,-10,,_10,1,0,1.0,0.9232323,0.960084
1486,-10,,_10,1,1,0.9949367,0.8069815,0.8911565
1487,-10,,_10,8,0,1.0,0.936901,0.9674227
1488,-10,,_12,100,1,1.0,0.8122066,0.8963731
1489,-10,,_12,0.1,0,0.9836066,0.952381,0.9677419
1490,-10,,_12,1,1,0.9849246,0.8049281,0.8858757
1491,-10,,_12,8,1,1.0,0.7482014,0.8559671
1492,-10,,_12,0.1,1,1.0,0.7666667,0.8679245
1493,-10,,_12,100,0,1.0,0.921762,0.9592884
1494,-10,,_12,1,0,1.0,0.9191919,0.9578947
1495,-10,,_12,8,0,1.0,0.9337061,0.9657166
1496,-10,,_14,8,0,1.0,0.9408946,0.9695473
1497,-10,,_14,0.1,0,0.9836066,0.952381,0.9677419
1498,-10,,_14,0.1,1,1.0,0.8166667,0.8990826
1499,-10,,_14,100,1,1.0,0.8182428,0.9000369
1500,-10,,_14,1,0,1.0,0.9191919,0.9578947
1501,-10,,_14,8,1,0.9978495,0.7418066,0.8509858
1502,-10,,_14,100,0,1.0,0.921762,0.9592884
1503,-10,,_14,1,1,0.9818653,0.7782341,0.8682703
1504,-10,,_16,1,0,1.0,0.9232323,0.960084
1505,-10,,_16,100,1,1.0,0.8195842,0.9008478
1506,-10,,_16,8,0,1.0,0.9337061,0.9657166
1507,-10,,_16,0.1,1,1.0,0.8,0.8888889
1508,-10,,_16,100,0,1.0,0.921762,0.9592884
1509,-10,,_16,8,1,0.9968254,0.7529976,0.8579235
1510,-10,,_16,0.1,0,0.9836066,0.952381,0.9677419
1511,-10,,_16,1,1,0.9873737,0.8028747,0.8856172
1512,-10,,_18,8,1,1.0,0.7729816,0.8719567
1513,-10,,_18,100,1,1.0,0.8195842,0.9008478
1514,-10,,_18,0.1,1,1.0,0.7833333,0.8785047
1515,-10,,_18,100,0,1.0,0.921762,0.9592884
1516,-10,,_18,0.1,0,0.9677419,0.952381,0.96
1517,-10,,_18,8,0,1.0,0.9376997,0.9678483
1518,-10,,_18,1,1,0.9895013,0.7741273,0.8686636
1519,-10,,_18,1,0,1.0,0.9191919,0.9578947
1520,-10,-2,_3,8,0,1.0,0.9376997,0.9678483
1521,-10,-2,_3,8,1,1.0,0.7753797,0.8734804
1522,-10,-2,_3,1,0,1.0,0.9191919,0.9578947
1523,-10,-2,_3,0.1,0,0.9836066,0.952381,0.9677419
1524,-10,-2,_3,100,0,1.0,0.921762,0.9592884
1525,-10,-2,_3,100,1,0.99674,0.8202549,0.8999264
1526,-10,-2,_3,1,1,0.9872774,0.7967146,0.8818182
1527,-10,-2,_3,0.1,1,1.0,0.7833333,0.8785047
1528,-10,-2,_5,1,0,1.0,0.9191919,0.9578947
1529,-10,-2,_5,8,1,0.9968783,0.7657874,0.8661844
1530,-10,-2,_5,8,0,1.0,0.9353035,0.9665704
1531,-10,-2,_5,100,0,1.0,0.921762,0.9592884
1532,-10,-2,_5,0.1,1,1.0,0.8166667,0.8990826
1533,-10,-2,_5,0.1,0,0.9677419,0.952381,0.96
1534,-10,-2,_5,100,1,1.0,0.8182428,0.9000369
1535,-10,-2,_5,1,1,0.9924242,0.8069815,0.8901472
1536,-10,-2,_7,0.1,1,1.0,0.8166667,0.8990826
1537,-10,-2,_7,8,0,1.0,0.936901,0.9674227
1538,-10,-2,_7,0.1,0,0.9836066,0.952381,0.9677419
1539,-10,-2,_7,1,1,0.9947507,0.7782341,0.8732719
1540,-10,-2,_7,8,1,0.9968944,0.7697842,0.8687415
1541,-10,-2,_7,1,0,1.0,0.9191919,0.9578947
1542,-10,-2,_7,100,0,1.0,0.921762,0.9592884
1543,-10,-2,_7,100,1,1.0,0.8122066,0.8963731
1544,-10,-2,_9,8,1,1.0,0.753797,0.8596171
1545,-10,-2,_9,0.1,0,0.9677419,0.952381,0.96
1546,-10,-2,_9,8,0,1.0,0.936901,0.9674227
1547,-10,-2,_9,100,1,1.0,0.8108652,0.8955556
1548,-10,-2,_9,100,0,1.0,0.921762,0.9592884
1549,-10,-2,_9,1,0,1.0,0.9191919,0.9578947
1550,-10,-2,_9,1,1,0.9891892,0.75154,0.8541424
1551,-10,-2,_9,0.1,1,1.0,0.7833333,0.8785047
1552,-10,-2,_11,0.1,1,1.0,0.7666667,0.8679245
1553,-10,-2,_11,1,0,0.9956236,0.9191919,0.9558824
1554,-10,-2,_11,1,1,0.989899,0.8049281,0.8878822
1555,-10,-2,_11,100,1,1.0,0.8148893,0.8980044
1556,-10,-2,_11,0.1,0,0.9836066,0.952381,0.9677419
1557,-10,-2,_11,8,0,1.0,0.9392971,0.9686985
1558,-10,-2,_11,100,0,1.0,0.921762,0.9592884
1559,-10,-2,_11,8,1,1.0,0.7729816,0.8719567
1560,-10,-2,_13,100,1,1.0,0.813548,0.8971893
1561,-10,-2,_13,1,0,1.0,0.9252525,0.9611752
1562,-10,-2,_13,0.1,0,0.9836066,0.952381,0.9677419
1563,-10,-2,_13,8,1,1.0,0.7553957,0.8606557
1564,-10,-2,_13,8,0,1.0,0.9337061,0.9657166
1565,-10,-2,_13,100,0,1.0,0.921762,0.9592884
1566,-10,-2,_13,1,1,0.9897436,0.7926078,0.8802737
1567,-10,-2,_13,0.1,1,1.0,0.7666667,0.8679245
1568,-10,-2,_15,100,1,0.9975329,0.813548,0.896195
1569,-10,-2,_15,100,0,1.0,0.921762,0.9592884
1570,-10,-2,_15,1,1,0.9973404,0.7700205,0.8690614
1571,-10,-2,_15,0.1,1,1.0,0.7833333,0.8785047
1572,-10,-2,_15,0.1,0,0.9677419,0.952381,0.96
1573,-10,-2,_15,8,0,1.0,0.9353035,0.9665704
1574,-10,-2,_15,8,1,1.0,0.773781,0.8724651
1575,-10,-2,_15,1,0,1.0,0.9191919,0.9578947
1576,-10,-2,_17,1,1,0.9947644,0.7802875,0.8745685
1577,-10,-2,_17,100,1,1.0,0.8182428,0.9000369
1578,-10,-2,_17,0.1,1,0.9795918,0.8,0.8807339
1579,-10,-2,_17,0.1,0,0.9677419,0.952381,0.96
1580,-10,-2,_17,8,0,1.0,0.9337061,0.9657166
1581,-10,-2,_17,8,1,1.0,0.7713829,0.8709386
1582,-10,-2,_17,100,0,1.0,0.921762,0.9592884
1583,-10,-2,_17,1,0,1.0,0.9252525,0.9611752
1584,-10,-2,_19,0.1,1,1.0,0.7666667,0.8679245
1585,-10,-2,_19,1,0,1.0,0.9191919,0.9578947
1586,-10,-2,_19,8,1,1.0,0.7665867,0.8678733
1587,-10,-2,_19,8,0,1.0,0.9376997,0.9678483
1588,-10,-2,_19,0.1,0,0.9836066,0.952381,0.9677419
1589,-10,-2,_19,100,0,1.0,0.921762,0.9592884
1590,-10,-2,_19,100,1,1.0,0.8249497,0.9040794
1591,-10,-2,_19,1,1,0.9948849,0.798768,0.8861048
1592,-11,,,8,1,0.9989463,0.7577938,0.8618182
1593,-11,,,100,0,1.0,0.921762,0.9592884
1594,-11,,,8,0,1.0,0.936901,0.9674227
1595,-11,,,1,0,1.0,0.9191919,0.9578947
1596,-11,,,100,1,1.0,0.79611,0.8864824
1597,-11,,,0.1,0,0.375,0.952381,0.5381166
1598,-11,,,0.1,1,0.4285714,0.8,0.5581395
1599,-11,,,1,1,0.9847716,0.7967146,0.8808173
1600,-11,,_2,1,1,0.9921466,0.7782341,0.872267
1601,-11,,_2,8,0,1.0,0.9329073,0.9652893
1602,-11,,_2,100,0,1.0,0.921762,0.9592884
1603,-11,,_2,1,0,0.997807,0.9191919,0.9568875
1604,-11,,_2,100,1,1.0,0.7981221,0.8877285
1605,-11,,_2,0.1,1,0.4210526,0.8,0.5517241
1606,-11,,_2,0.1,0,0.3636364,0.952381,0.5263158
1607,-11,,_2,8,1,1.0,0.7290168,0.8432732
1608,-11,,_4,0.1,1,0.4528302,0.8,0.5783133
1609,-11,,_4,8,1,1.0,0.7466027,0.8549199
1610,-11,,_4,8,0,1.0,0.9353035,0.9665704
1611,-11,,_4,0.1,0,0.4026846,0.952381,0.5660377
1612,-11,,_4,100,1,1.0,0.7934272,0.8848168
1613,-11,,_4,1,1,0.9800499,0.8069815,0.8851351
1614,-11,,_4,1,0,1.0,0.9191919,0.9578947
1615,-11,,_4,100,0,1.0,0.9230769,0.96
1616,-11,,_6,100,0,1.0,0.921762,0.9592884
1617,-11,,_6,0.1,1,0.4173913,0.8,0.5485714
1618,-11,,_6,1,1,0.9872774,0.7967146,0.8818182
1619,-11,,_6,1,0,0.997807,0.9191919,0.9568875
1620,-11,,_6,100,1,1.0,0.7954393,0.8860665
1621,-11,,_6,8,1,1.0,0.736211,0.8480663
1622,-11,,_6,0.1,0,0.3921569,0.952381,0.5555556
1623,-11,,_6,8,0,1.0,0.936901,0.9674227
1624,-11,,_8,100,0,1.0,0.921762,0.9592884
1625,-11,,_8,8,1,1.0,0.7354117,0.8475357
1626,-11,,_8,1,0,1.0,0.9191919,0.9578947
1627,-11,,_8,0.1,1,0.4247788,0.8,0.5549133
1628,-11,,_8,1,1,0.9849624,0.8069815,0.8871332
1629,-11,,_8,0.1,0,0.4,0.952381,0.5633803
1630,-11,,_8,100,1,1.0,0.7994634,0.8885576
1631,-11,,_8,8,0,1.0,0.9392971,0.9686985
1632,-11,,_10,8,1,1.0,0.756195,0.8611743
1633,-11,,_10,100,0,1.0,0.9230769,0.96
1634,-11,,_10,100,1,1.0,0.7974514,0.8873134
1635,-11,,_10,1,1,0.980198,0.8131417,0.8888889
1636,-11,,_10,0.1,1,0.4363636,0.8,0.5647059
1637,-11,,_10,0.1,0,0.4137931,0.952381,0.5769231
1638,-11,,_10,8,0,1.0,0.936901,0.9674227
1639,-11,,_10,1,0,1.0,0.9191919,0.9578947
1640,-11,,_12,8,1,0.9968187,0.7513989,0.8568824
1641,-11,,_12,0.1,0,0.3870968,0.952381,0.5504587
1642,-11,,_12,1,1,0.9753086,0.8110883,0.8856502
1643,-11,,_12,100,0,1.0,0.921762,0.9592884
1644,-11,,_12,1,0,1.0,0.9191919,0.9578947
1645,-11,,_12,0.1,1,0.440367,0.8,0.5680473
1646,-11,,_12,100,1,1.0,0.7967807,0.8868981
1647,-11,,_12,8,0,1.0,0.9353035,0.9665704
1648,-11,,_14,0.1,0,0.375,0.952381,0.5381166
1649,-11,,_14,8,0,1.0,0.9353035,0.9665704
1650,-11,,_14,8,1,1.0,0.753797,0.8596171
1651,-11,,_14,100,0,1.0,0.921762,0.9592884
1652,-11,,_14,0.1,1,0.4571429,0.8,0.5818182
1653,-11,,_14,1,0,1.0,0.9191919,0.9578947
1654,-11,,_14,1,1,0.9802469,0.8151951,0.8901345
1655,-11,,_14,100,1,1.0,0.7987928,0.8881432
1656,-11,,_16,100,1,1.0,0.8008048,0.8893855
1657,-11,,_16,8,1,0.9968619,0.7617906,0.8636158
1658,-11,,_16,8,0,1.0,0.9337061,0.9657166
1659,-11,,_16,1,1,0.9826733,0.8151951,0.8911336
1660,-11,,_16,100,0,1.0,0.921762,0.9592884
1661,-11,,_16,1,0,1.0,0.9191919,0.9578947
1662,-11,,_16,0.1,0,0.4166667,0.952381,0.5797101
1663,-11,,_16,0.1,1,0.4495413,0.8166667,0.5798817
1664,-11,,_18,1,0,1.0,0.9191919,0.9578947
1665,-11,,_18,8,1,1.0,0.7521982,0.8585766
1666,-11,,_18,1,1,0.9875312,0.8131417,0.8918919
1667,-11,,_18,0.1,0,0.3351955,0.952381,0.4958678
1668,-11,,_18,0.1,1,0.4571429,0.8,0.5818182
1669,-11,,_18,8,0,1.0,0.936901,0.9674227
1670,-11,,_18,100,0,1.0,0.921762,0.9592884
1671,-11,,_18,100,1,1.0,0.8028169,0.890625
1672,-11,,_20,1,0,1.0,0.9191919,0.9578947
1673,-11,,_20,1,1,0.9659367,0.8151951,0.8841871
1674,-11,,_20,8,1,1.0,0.753797,0.8596171
1675,-11,,_20,0.1,0,0.3636364,0.952381,0.5263158
1676,-11,,_20,0.1,1,0.4137931,0.8,0.5454545
1677,-11,,_20,8,0,1.0,0.9384984,0.9682736
1678,-11,,_20,100,0,1.0,0.921762,0.9592884
1679,-11,,_20,100,1,1.0,0.7947686,0.8856502
1680,-11,-2,_3,100,0,1.0,0.921762,0.9592884
1681,-11,-2,_3,0.1,0,0.3870968,0.952381,0.5504587
1682,-11,-2,_3,0.1,1,0.4414414,0.8166667,0.5730994
1683,-11,-2,_3,1,1,0.9824121,0.8028747,0.8836158
1684,-11,-2,_3,100,1,1.0,0.8008048,0.8893855
1685,-11,-2,_3,8,1,1.0,0.7402078,0.850712
1686,-11,-2,_3,1,0,0.9956236,0.9191919,0.9558824
1687,-11,-2,_3,8,0,1.0,0.9353035,0.9665704
1688,-11,-2,_5,100,0,1.0,0.921762,0.9592884
1689,-11,-2,_5,8,0,1.0,0.9376997,0.9678483
1690,-11,-2,_5,0.1,0,0.3773585,0.952381,0.5405405
1691,-11,-2,_5,1,1,0.9824121,0.8028747,0.8836158
1692,-11,-2,_5,1,0,1.0,0.9191919,0.9578947
1693,-11,-2,_5,100,1,1.0,0.7967807,0.8868981
1694,-11,-2,_5,8,1,1.0,0.7545963,0.8601367
1695,-11,-2,_5,0.1,1,0.440367,0.8,0.5680473
1696,-11,-2,_7,8,0,1.0,0.936901,0.9674227
1697,-11,-2,_7,100,1,1.0,0.7914152,0.8835642
1698,-11,-2,_7,8,1,0.9968321,0.7545963,0.8589627
1699,-11,-2,_7,0.1,0,0.4347826,0.952381,0.5970149
1700,-11,-2,_7,1,1,0.9871795,0.7905544,0.8779932
1701,-11,-2,_7,1,0,0.9978166,0.9232323,0.9590766
1702,-11,-2,_7,100,0,1.0,0.921762,0.9592884
1703,-11,-2,_7,0.1,1,0.4067797,0.8,0.5393258
1704,-11,-2,_9,100,1,1.0,0.7987928,0.8881432
1705,-11,-2,_9,0.1,0,0.397351,0.952381,0.5607477
1706,-11,-2,_9,8,1,1.0,0.7513989,0.8580557
1707,-11,-2,_9,1,0,1.0,0.9191919,0.9578947
1708,-11,-2,_9,0.1,1,0.4615385,0.8,0.5853659
1709,-11,-2,_9,8,0,1.0,0.9337061,0.9657166
1710,-11,-2,_9,100,0,1.0,0.9230769,0.96
1711,-11,-2,_9,1,1,0.985,0.8090349,0.8883878
1712,-11,-2,_11,100,1,1.0,0.7994634,0.8885576
1713,-11,-2,_11,8,0,1.0,0.9353035,0.9665704
1714,-11,-2,_11,0.1,0,0.3726708,0.952381,0.5357143
1715,-11,-2,_11,1,0,1.0,0.9232323,0.960084
1716,-11,-2,_11,1,1,0.9848866,0.8028747,0.8846154
1717,-11,-2,_11,100,0,1.0,0.9237344,0.9603554
1718,-11,-2,_11,8,1,1.0,0.7577938,0.8622101
1719,-11,-2,_11,0.1,1,0.4571429,0.8,0.5818182
1720,-11,-2,_13,0.1,0,0.3636364,0.952381,0.5263158
1721,-11,-2,_13,1,1,0.9776119,0.8069815,0.8841395
1722,-11,-2,_13,100,0,1.0,0.921762,0.9592884
1723,-11,-2,_13,1,0,1.0,0.9191919,0.9578947
1724,-11,-2,_13,8,0,1.0,0.9353035,0.9665704
1725,-11,-2,_13,100,1,1.0,0.7887324,0.8818898
1726,-11,-2,_13,8,1,1.0,0.7394085,0.8501838
1727,-11,-2,_13,0.1,1,0.4375,0.8166667,0.5697674
1728,-11,-2,_15,8,0,1.0,0.9361022,0.9669967
1729,-11,-2,_15,0.1,0,0.3797468,0.952381,0.5429864
1730,-11,-2,_15,100,1,1.0,0.79611,0.8864824
1731,-11,-2,_15,0.1,1,0.4752475,0.8,0.5962733
1732,-11,-2,_15,1,0,1.0,0.9252525,0.9611752
1733,-11,-2,_15,8,1,1.0,0.736211,0.8480663
1734,-11,-2,_15,100,0,1.0,0.921762,0.9592884
1735,-11,-2,_15,1,1,0.9742931,0.7782341,0.8652968
1736,-11,-2,_17,0.1,0,0.4225352,0.952381,0.5853659
1737,-11,-2,_17,1,1,0.9825871,0.8110883,0.8886389
1738,-11,-2,_17,100,1,1.0,0.7994634,0.8885576
1739,-11,-2,_17,0.1,1,0.4485981,0.8,0.5748503
1740,-11,-2,_17,8,1,1.0,0.7474021,0.8554437
1741,-11,-2,_17,1,0,0.997807,0.9191919,0.9568875
1742,-11,-2,_17,100,0,1.0,0.921762,0.9592884
1743,-11,-2,_17,8,0,1.0,0.9353035,0.9665704
1744,-11,-2,_19,100,0,1.0,0.921762,0.9592884
1745,-11,-2,_19,0.1,0,0.3821656,0.952381,0.5454545
1746,-11,-2,_19,8,0,1.0,0.936901,0.9674227
1747,-11,-2,_19,1,0,1.0,0.9191919,0.9578947
1748,-11,-2,_19,100,1,1.0,0.7907445,0.8831461
1749,-11,-2,_19,8,1,1.0,0.7545963,0.8601367
1750,-11,-2,_19,1,1,0.992228,0.7864476,0.8774341
1751,-11,-2,_19,0.1,1,0.4324324,0.8,0.5614035
1752,-12,,,100,0,1.0,0.921762,0.9592884
1753,-12,,,1,1,0.9868074,0.7679671,0.8637413
1754,-12,,,0.1,1,1.0,0.8,0.8888889
1755,-12,,,100,1,0.995971,0.8289738,0.9048316
1756,-12,,,0.1,0,0.952381,0.952381,0.952381
1757,-12,,,8,1,0.9958635,0.7697842,0.8683499
1758,-12,,,8,0,1.0,0.9392971,0.9686985
1759,-12,,,1,0,0.9912854,0.9191919,0.9538784
1760,-12,,_2,0.1,0,0.9677419,0.952381,0.96
1761,-12,,_2,1,0,1.0,0.9191919,0.9578947
1762,-12,,_2,8,0,1.0,0.936901,0.9674227
1763,-12,,_2,100,0,1.0,0.921762,0.9592884
1764,-12,,_2,1,1,0.9848866,0.8028747,0.8846154
1765,-12,,_2,8,1,0.9969262,0.7777778,0.8738213
1766,-12,,_2,0.1,1,1.0,0.7833333,0.8785047
1767,-12,,_2,100,1,0.9959448,0.8236083,0.9016153
1768,-12,,_4,100,0,1.0,0.921762,0.9592884
1769,-12,,_4,8,0,1.0,0.936901,0.9674227
1770,-12,,_4,0.1,0,0.9677419,0.952381,0.96
1771,-12,,_4,1,0,0.997807,0.9191919,0.9568875
1772,-12,,_4,100,1,1.0,0.8169014,0.8992248
1773,-12,,_4,1,1,0.9923858,0.8028747,0.8876277
1774,-12,,_4,8,1,0.9969231,0.7769784,0.8733154
1775,-12,,_4,0.1,1,0.9791667,0.7833333,0.8703704
1776,-12,,_6,1,1,0.9820513,0.7864476,0.8734322
1777,-12,,_6,1,0,1.0,0.9191919,0.9578947
1778,-12,,_6,100,0,1.0,0.921762,0.9592884
1779,-12,,_6,0.1,1,1.0,0.8,0.8888889
1780,-12,,_6,0.1,0,0.9836066,0.952381,0.9677419
1781,-12,,_6,100,1,0.9967453,0.8215962,0.9007353
1782,-12,,_6,8,1,0.9949187,0.7825739,0.8760626
1783,-12,,_6,8,0,1.0,0.9353035,0.9665704
1784,-12,,_8,1,1,0.9873737,0.8028747,0.8856172
1785,-12,,_8,100,1,0.9967427,0.8209256,0.900331
1786,-12,,_8,0.1,0,0.9677419,0.952381,0.96
1787,-12,,_8,0.1,1,1.0,0.7833333,0.8785047
1788,-12,,_8,100,0,1.0,0.921762,0.9592884
1789,-12,,_8,8,0,1.0,0.9353035,0.9665704
1790,-12,,_8,1,0,1.0,0.9232323,0.960084
1791,-12,,_8,8,1,1.0,0.7641886,0.8663344
1792,-12,,_10,0.1,1,1.0,0.7833333,0.8785047
1793,-12,,_10,100,0,1.0,0.921762,0.9592884
1794,-12,,_10,100,1,0.997561,0.8229376,0.9018743
1795,-12,,_10,0.1,0,0.9677419,0.952381,0.96
1796,-12,,_10,1,0,1.0,0.9191919,0.9578947
1797,-12,,_10,8,1,0.9969574,0.7857714,0.8788556
1798,-12,,_10,1,1,0.9899749,0.8110883,0.8916479
1799,-12,,_10,8,0,1.0,0.936901,0.9674227
1800,-12,,_12,1,1,0.9923469,0.798768,0.8850967
1801,-12,,_12,1,0,1.0,0.9191919,0.9578947
1802,-12,,_12,0.1,1,1.0,0.7833333,0.8785047
1803,-12,,_12,100,0,1.0,0.921762,0.9592884
1804,-12,,_12,100,1,0.9959448,0.8236083,0.9016153
1805,-12,,_12,0.1,0,0.9677419,0.952381,0.96
1806,-12,,_12,8,1,0.9948665,0.7745803,0.8710112
1807,-12,,_12,8,0,1.0,0.9353035,0.9665704
1808,-12,,_14,8,0,1.0,0.9353035,0.9665704
1809,-12,,_14,100,0,1.0,0.921762,0.9592884
1810,-12,,_14,1,0,0.9978166,0.9232323,0.9590766
1811,-12,,_14,1,1,0.9775,0.8028747,0.8816234
1812,-12,,_14,8,1,1.0,0.7609912,0.864276
1813,-12,,_14,100,1,0.997557,0.8215962,0.9010666
1814,-12,,_14,0.1,0,0.9677419,0.952381,0.96
1815,-12,,_14,0.1,1,1.0,0.7833333,0.8785047
1816,-12,,_16,1,0,1.0,0.9191919,0.9578947
1817,-12,,_16,0.1,1,1.0,0.7833333,0.8785047
1818,-12,,_16,100,0,1.0,0.9230769,0.96
1819,-12,,_16,8,0,1.0,0.9392971,0.9686985
1820,-12,,_16,1,1,0.9850746,0.8131417,0.8908886
1821,-12,,_16,8,1,0.994856,0.7729816,0.8699955
1822,-12,,_16,100,1,0.9959383,0.8222669,0.9008082
1823,-12,,_16,0.1,0,0.9677419,0.952381,0.96
1824,-12,,_18,0.1,0,0.9836066,0.952381,0.9677419
1825,-12,,_18,100,1,0.997559,0.8222669,0.9014706
1826,-12,,_18,8,1,0.9989518,0.7617906,0.8643991
1827,-12,,_18,1,1,0.9923858,0.8028747,0.8876277
1828,-12,,_18,1,0,0.9956236,0.9191919,0.9558824
1829,-12,,_18,0.1,1,0.9795918,0.8,0.8807339
1830,-12,,_18,8,0,1.0,0.9353035,0.9665704
1831,-12,,_18,100,0,1.0,0.921762,0.9592884
1832,-12,,_20,1,1,0.9822335,0.7946612,0.8785471
1833,-12,,_20,0.1,0,0.9677419,0.952381,0.96
1834,-12,,_20,0.1,1,1.0,0.8,0.8888889
1835,-12,,_20,100,1,0.997559,0.8222669,0.9014706
1836,-12,,_20,100,0,1.0,0.9237344,0.9603554
1837,-12,,_20,8,0,1.0,0.9384984,0.9682736
1838,-12,,_20,1,0,0.995614,0.9171717,0.9547844
1839,-12,,_20,8,1,0.9938144,0.7705835,0.8680774
1840,-12,-2,_3,0.1,0,0.9836066,0.952381,0.9677419
1841,-12,-2,_3,100,0,1.0,0.921762,0.9592884
1842,-12,-2,_3,1,0,0.997807,0.9191919,0.9568875
1843,-12,-2,_3,100,1,0.9975689,0.8256204,0.9034862
1844,-12,-2,_3,1,1,0.9819121,0.7802875,0.8695652
1845,-12,-2,_3,0.1,1,1.0,0.7833333,0.8785047
1846,-12,-2,_3,8,0,1.0,0.936901,0.9674227
1847,-12,-2,_3,8,1,0.9969294,0.7785771,0.8743268
1848,-12,-2,_5,100,1,0.997549,0.8189135,0.8994475
1849,-12,-2,_5,0.1,1,0.9795918,0.8,0.8807339
1850,-12,-2,_5,1,1,0.9798995,0.8008214,0.8813559
1851,-12,-2,_5,1,0,1.0,0.9191919,0.9578947
1852,-12,-2,_5,100,0,1.0,0.921762,0.9592884
1853,-12,-2,_5,8,1,0.9979036,0.7609912,0.8634921
1854,-12,-2,_5,8,0,1.0,0.9337061,0.9657166
1855,-12,-2,_5,0.1,0,0.9677419,0.952381,0.96
1856,-12,-2,_7,100,0,1.0,0.921762,0.9592884
1857,-12,-2,_7,1,0,1.0,0.9191919,0.9578947
1858,-12,-2,_7,0.1,1,1.0,0.8,0.8888889
1859,-12,-2,_7,100,1,0.997547,0.8182428,0.899042
1860,-12,-2,_7,0.1,0,0.9836066,0.952381,0.9677419
1861,-12,-2,_7,8,0,1.0,0.9353035,0.9665704
1862,-12,-2,_7,8,1,0.9968976,0.7705835,0.8692516
1863,-12,-2,_7,1,1,0.9802469,0.8151951,0.8901345
1864,-12,-2,_9,1,0,1.0,0.9232323,0.960084
1865,-12,-2,_9,1,1,0.9891892,0.75154,0.8541424
1866,-12,-2,_9,0.1,1,1.0,0.7666667,0.8679245
1867,-12,-2,_9,100,0,1.0,0.921762,0.9592884
1868,-12,-2,_9,8,1,0.9979466,0.7769784,0.8737079
1869,-12,-2,_9,100,1,0.996748,0.8222669,0.9011393
1870,-12,-2,_9,8,0,1.0,0.9376997,0.9678483
1871,-12,-2,_9,0.1,0,0.9677419,0.952381,0.96
1872,-12,-2,_11,1,0,0.997807,0.9191919,0.9568875
1873,-12,-2,_11,0.1,1,1.0,0.7666667,0.8679245
1874,-12,-2,_11,100,1,0.9975669,0.8249497,0.9030837
1875,-12,-2,_11,8,1,0.9978769,0.7513989,0.8572731
1876,-12,-2,_11,0.1,0,0.9836066,0.952381,0.9677419
1877,-12,-2,_11,8,0,1.0,0.9353035,0.9665704
1878,-12,-2,_11,1,1,0.9946667,0.7659138,0.8654292
1879,-12,-2,_11,100,0,1.0,0.921762,0.9592884
1880,-12,-2,_13,1,1,0.9826303,0.8131417,0.8898876
1881,-12,-2,_13,100,1,0.9951535,0.8262911,0.9028948
1882,-12,-2,_13,1,0,1.0,0.9191919,0.9578947
1883,-12,-2,_13,0.1,1,1.0,0.85,0.9189189
1884,-12,-2,_13,100,0,1.0,0.921762,0.9592884
1885,-12,-2,_13,8,0,1.0,0.9353035,0.9665704
1886,-12,-2,_13,8,1,0.9949444,0.7865707,0.8785714
1887,-12,-2,_13,0.1,0,0.9677419,0.952381,0.96
1888,-12,-2,_15,0.1,0,0.9836066,0.952381,0.9677419
1889,-12,-2,_15,1,0,1.0,0.9191919,0.9578947
1890,-12,-2,_15,1,1,0.9918256,0.7474333,0.852459
1891,-12,-2,_15,8,1,0.9948613,0.773781,0.8705036
1892,-12,-2,_15,8,0,1.0,0.9353035,0.9665704
1893,-12,-2,_15,0.1,1,1.0,0.8,0.8888889
1894,-12,-2,_15,100,1,0.9959317,0.8209256,0.9
1895,-12,-2,_15,100,0,1.0,0.921762,0.9592884
1896,-12,-2,_17,0.1,0,0.9836066,0.952381,0.9677419
1897,-12,-2,_17,100,0,1.0,0.921762,0.9592884
1898,-12,-2,_17,1,1,0.9873737,0.8028747,0.8856172
1899,-12,-2,_17,0.1,1,1.0,0.7833333,0.8785047
1900,-12,-2,_17,1,0,1.0,0.9232323,0.960084
1901,-12,-2,_17,8,1,0.9897436,0.7713829,0.8670261
1902,-12,-2,_17,100,1,0.9951535,0.8262911,0.9028948
1903,-12,-2,_17,8,0,1.0,0.936901,0.9674227
1904,-12,-2,_19,100,1,0.995935,0.8215962,0.9004043
1905,-12,-2,_19,100,0,1.0,0.921762,0.9592884
1906,-12,-2,_19,0.1,0,0.9677419,0.952381,0.96
1907,-12,-2,_19,1,1,0.9870466,0.7823409,0.8728522
1908,-12,-2,_19,0.1,1,1.0,0.7833333,0.8785047
1909,-12,-2,_19,8,0,1.0,0.9376997,0.9678483
1910,-12,-2,_19,8,1,0.9989733,0.7777778,0.8746067
1911,-12,-2,_19,1,0,1.0,0.9191919,0.9578947
